"class","variable","glm_coef","glm_pval","ridge_coef","lasso_coef","elastic_coef","glm_selected","ridge_selected","lasso_selected","elastic_selected","Boruta"
"2","(Intercept)",-0.873174389389521,0.652711402964125,NA,NA,NA,FALSE,FALSE,FALSE,FALSE,NA
"3","(Intercept)",-0.818301737150978,0.704737334550203,NA,NA,NA,FALSE,FALSE,FALSE,FALSE,NA
"4","(Intercept)",-0.122327234829741,0.952216817053896,NA,NA,NA,FALSE,FALSE,FALSE,FALSE,NA
"1","ADHD",NA,NA,-0.275928947569365,0,0,FALSE,TRUE,FALSE,FALSE,"Rejected"
"2","ADHD",-4.17012998404469,0,-0.23836907782852,0,0,TRUE,TRUE,FALSE,FALSE,"Rejected"
"3","ADHD",14.8508911904001,0,0.724670728794267,0,0.612609256468553,TRUE,TRUE,FALSE,TRUE,"Rejected"
"4","ADHD",-2.403216853222,0,-0.210372703396382,0,0,TRUE,TRUE,FALSE,FALSE,"Rejected"
"1","Achalasia",NA,NA,-0.162573613326062,0,0,FALSE,TRUE,FALSE,FALSE,"Rejected"
"2","Achalasia",3.99975180227984,0,0.476492080566055,0,0,TRUE,TRUE,FALSE,FALSE,"Rejected"
"3","Achalasia",-0.27758729371514,0,-0.126237848299598,0,0,TRUE,TRUE,FALSE,FALSE,"Rejected"
"4","Achalasia",-1.63674574266256,0,-0.187680618940395,0,0,TRUE,TRUE,FALSE,FALSE,"Rejected"
"1","Acoustic.trauma",NA,NA,-0.258381528566474,0,0,FALSE,TRUE,FALSE,FALSE,"Rejected"
"2","Acoustic.trauma",12.9711021543205,0,0.736589531173696,0,0.38958144445581,TRUE,TRUE,FALSE,TRUE,"Rejected"
"3","Acoustic.trauma",-4.84073560367436,0,-0.269178341216654,0,0,TRUE,TRUE,FALSE,FALSE,"Rejected"
"4","Acoustic.trauma",-3.77494718034302,0,-0.209029661390568,0,0,TRUE,TRUE,FALSE,FALSE,"Rejected"
"1","Adenotomy",NA,NA,0.00224630595314421,0,0,FALSE,FALSE,FALSE,FALSE,"Rejected"
"2","Adenotomy",0.378513665600376,0.531337885328726,-0.0124379895506644,0,0,FALSE,FALSE,FALSE,FALSE,"Rejected"
"3","Adenotomy",-0.0727956302599124,0.901024592695301,0.025491072669885,0,0,FALSE,FALSE,FALSE,FALSE,"Rejected"
"4","Adenotomy",0.082186663068825,0.886894889099981,-0.0152993890723648,0,0,FALSE,FALSE,FALSE,FALSE,"Rejected"
"1","Age",NA,NA,-0.000195748762333985,0,0,FALSE,FALSE,FALSE,FALSE,"Rejected"
"2","Age",0.00605612412221249,0.470095269458605,0.00149859413866391,0,0,FALSE,FALSE,FALSE,FALSE,"Rejected"
"3","Age",-0.00187514843269091,0.818612137746612,0.000863679547956997,0,0,FALSE,FALSE,FALSE,FALSE,"Rejected"
"4","Age",-0.00843557629279396,0.287100319656027,-0.00216652492428692,-0.00546576539882644,-0.00669594904388029,FALSE,FALSE,TRUE,TRUE,"Rejected"
"1","Allergic.asthma",NA,NA,0.378409293004271,0,0,FALSE,TRUE,FALSE,FALSE,"Rejected"
"2","Allergic.asthma",1.3319099746028,4.5986819974253e-07,0.107681853675077,0,0,TRUE,TRUE,FALSE,FALSE,"Rejected"
"3","Allergic.asthma",-10.7786979690836,0,-0.262127797144581,0,0,TRUE,TRUE,FALSE,FALSE,"Rejected"
"4","Allergic.asthma",-12.2136319228588,0,-0.223963349534767,0,0,TRUE,TRUE,FALSE,FALSE,"Rejected"
"1","Allergic.problems",NA,NA,-0.0480025426793771,0,0,FALSE,FALSE,FALSE,FALSE,"Rejected"
"2","Allergic.problems",-1.02625845640947,0.141037646670644,0.0436303801272337,0,0,FALSE,FALSE,FALSE,FALSE,"Rejected"
"3","Allergic.problems",-0.559652770813511,0.400498066828923,0.0269115853341497,0,0,FALSE,FALSE,FALSE,FALSE,"Rejected"
"4","Allergic.problems",-0.976267607364434,0.143358776890276,-0.0225394227820063,0,0,FALSE,FALSE,FALSE,FALSE,"Rejected"
"1","Allergic.rhinitis..hay.fever.",NA,NA,0.755511532242801,0.278283852930435,1.24661539543656,FALSE,TRUE,TRUE,TRUE,"Rejected"
"2","Allergic.rhinitis..hay.fever.",-13.401885039637,0,-0.284091005197973,0,0,TRUE,TRUE,FALSE,FALSE,"Rejected"
"3","Allergic.rhinitis..hay.fever.",-12.7903294062168,0,-0.234996015321302,0,0,TRUE,TRUE,FALSE,FALSE,"Rejected"
"4","Allergic.rhinitis..hay.fever.",-12.2491855952738,0,-0.236424511723526,0,0,TRUE,TRUE,FALSE,FALSE,"Rejected"
"1","Ankylosing.spondylitis",NA,NA,-0.224331686066911,0,0,FALSE,TRUE,FALSE,FALSE,"Rejected"
"2","Ankylosing.spondylitis",-3.15253446187553,0,-0.251301348253473,0,0,TRUE,TRUE,FALSE,FALSE,"Rejected"
"3","Ankylosing.spondylitis",-6.73922633157079,0,-0.307625298029267,0,0,TRUE,TRUE,FALSE,FALSE,"Rejected"
"4","Ankylosing.spondylitis",12.503059093244,0,0.783258332349651,0,0.851808966039727,TRUE,TRUE,FALSE,TRUE,"Rejected"
"1","Arterial.hypertension",NA,NA,-0.24530434213218,0,0,FALSE,TRUE,FALSE,FALSE,"Rejected"
"2","Arterial.hypertension",-2.39474004582213,0,-0.227403974502206,0,0,TRUE,TRUE,FALSE,FALSE,"Rejected"
"3","Arterial.hypertension",12.5417924381464,0,0.733672538267481,0,0.706595103803936,TRUE,TRUE,FALSE,TRUE,"Rejected"
"4","Arterial.hypertension",-3.70686483115084,0,-0.260964221633096,0,0,TRUE,TRUE,FALSE,FALSE,"Rejected"
"1","Arteriosclerosis",NA,NA,0,0,0,FALSE,FALSE,FALSE,FALSE,"Rejected"
"2","Arteriosclerosis",NA,NA,0,0,0,FALSE,FALSE,FALSE,FALSE,"Rejected"
"3","Arteriosclerosis",NA,NA,0,0,0,FALSE,FALSE,FALSE,FALSE,"Rejected"
"4","Arteriosclerosis",NA,NA,0,0,0,FALSE,FALSE,FALSE,FALSE,"Rejected"
"1","Asperger.s.syndrome",NA,NA,-0.269966192120589,0,0,FALSE,TRUE,FALSE,FALSE,"Rejected"
"2","Asperger.s.syndrome",13.8673263582652,0,0.730527887213499,0,0.813558060174546,TRUE,TRUE,FALSE,TRUE,"Rejected"
"3","Asperger.s.syndrome",-0.439579154453501,0,-0.180014980587502,0,0,TRUE,TRUE,FALSE,FALSE,"Rejected"
"4","Asperger.s.syndrome",-4.53600826879097,0,-0.280546714505408,0,0,TRUE,TRUE,FALSE,FALSE,"Rejected"
"1","Asthma",NA,NA,-0.224846105172694,0,-0.139871280563348,FALSE,TRUE,FALSE,TRUE,"Rejected"
"2","Asthma",11.1891011527638,0,0.134354672279024,0,0,TRUE,TRUE,FALSE,FALSE,"Rejected"
"3","Asthma",10.9900259463057,0,0.0626343982178357,0,0,TRUE,TRUE,FALSE,FALSE,"Rejected"
"4","Asthma",11.7234103996622,0,0.0278570346758344,0,0,TRUE,FALSE,FALSE,FALSE,"Rejected"
"1","Asthma.with.hay.fever",NA,NA,0,0,0,FALSE,FALSE,FALSE,FALSE,"Rejected"
"2","Asthma.with.hay.fever",NA,NA,0,0,0,FALSE,FALSE,FALSE,FALSE,"Rejected"
"3","Asthma.with.hay.fever",NA,NA,0,0,0,FALSE,FALSE,FALSE,FALSE,"Rejected"
"4","Asthma.with.hay.fever",NA,NA,0,0,0,FALSE,FALSE,FALSE,FALSE,"Rejected"
"1","Atopic.dermatitis",NA,NA,0.186782912652372,0,0,FALSE,TRUE,FALSE,FALSE,"Rejected"
"2","Atopic.dermatitis",-5.69807543533914,0,0.0670238596168299,0,0,TRUE,TRUE,FALSE,FALSE,"Rejected"
"3","Atopic.dermatitis",-11.9630703149781,0,-0.234622299964873,0,0,TRUE,TRUE,FALSE,FALSE,"Rejected"
"4","Atopic.dermatitis",-1.17268902855908,0.446257302956747,-0.0191844723043289,0,0,FALSE,FALSE,FALSE,FALSE,"Rejected"
"1","Blood.pressure.fluctuations",NA,NA,-0.0812638350949931,0,0,FALSE,TRUE,FALSE,FALSE,"Rejected"
"2","Blood.pressure.fluctuations",NA,NA,0.321936441636387,0,0,FALSE,TRUE,FALSE,FALSE,"Rejected"
"3","Blood.pressure.fluctuations",NA,NA,-0.0832926160771093,0,0,FALSE,TRUE,FALSE,FALSE,"Rejected"
"4","Blood.pressure.fluctuations",NA,NA,-0.157379990464285,0,0,FALSE,TRUE,FALSE,FALSE,"Rejected"
"1","Brain.tumor",NA,NA,0.591109093654716,0,0,FALSE,TRUE,FALSE,FALSE,"Rejected"
"2","Brain.tumor",-3.80240365740866,0,-0.157971946126804,0,0,TRUE,TRUE,FALSE,FALSE,"Rejected"
"3","Brain.tumor",-5.77136292762885,0,-0.246438708061636,0,0,TRUE,TRUE,FALSE,FALSE,"Rejected"
"4","Brain.tumor",-3.25407668280546,0,-0.186698439466276,0,0,TRUE,TRUE,FALSE,FALSE,"Rejected"
"1","Bronchial.asthma",NA,NA,-0.220452314615091,0,0,FALSE,TRUE,FALSE,FALSE,"Rejected"
"2","Bronchial.asthma",8.24441817110005,0,0.175733444013141,0,0,TRUE,TRUE,FALSE,FALSE,"Rejected"
"3","Bronchial.asthma",5.63073053056022,3.02085467751567e-10,0.267333039530702,0,0,TRUE,TRUE,FALSE,FALSE,"Rejected"
"4","Bronchial.asthma",-3.75628240346277,0,-0.222614168928753,0,0,TRUE,TRUE,FALSE,FALSE,"Rejected"
"1","COPD",NA,NA,0.14819703191646,0,0,FALSE,TRUE,FALSE,FALSE,"Rejected"
"2","COPD",-6.22683701435711,0,-0.182170242774813,0,0,TRUE,TRUE,FALSE,FALSE,"Rejected"
"3","COPD",-0.1756102741229,0,0.19765173055401,0,0,TRUE,TRUE,FALSE,FALSE,"Rejected"
"4","COPD",-9.56903735307496,0,-0.163678519695657,0,0,TRUE,TRUE,FALSE,FALSE,"Rejected"
"1","Caldwell.Luc.procedure",NA,NA,-0.17217707760862,0,0,FALSE,TRUE,FALSE,FALSE,"Rejected"
"2","Caldwell.Luc.procedure",-1.78133711932621,0,-0.157687161204807,0,0,TRUE,TRUE,FALSE,FALSE,"Rejected"
"3","Caldwell.Luc.procedure",8.73250952256968,0,0.478757364203647,0,0.135950422994961,TRUE,TRUE,FALSE,TRUE,"Rejected"
"4","Caldwell.Luc.procedure",-3.61906956652616,0,-0.14889312539022,0,0,TRUE,TRUE,FALSE,FALSE,"Rejected"
"1","Cancer",NA,NA,0.660592308169074,0,0.377632131549688,FALSE,TRUE,FALSE,TRUE,"Rejected"
"2","Cancer",-6.04943110504549,0,-0.247285756283173,0,0,TRUE,TRUE,FALSE,FALSE,"Rejected"
"3","Cancer",-7.19747442759609,0,-0.227515112856355,0,0,TRUE,TRUE,FALSE,FALSE,"Rejected"
"4","Cancer",-9.63569008311421,0,-0.185791439029547,0,0,TRUE,TRUE,FALSE,FALSE,"Rejected"
"1","Cardiac.arrhythmia",NA,NA,-0.201283857136612,0,0,FALSE,TRUE,FALSE,FALSE,"Rejected"
"2","Cardiac.arrhythmia",-2.3411404987309,0,-0.198273429206576,0,0,TRUE,TRUE,FALSE,FALSE,"Rejected"
"3","Cardiac.arrhythmia",6.86210909346087,0,0.619440326622865,0,0.43458478499561,TRUE,TRUE,FALSE,TRUE,"Rejected"
"4","Cardiac.arrhythmia",-2.88588991402608,0,-0.219883040279677,0,0,TRUE,TRUE,FALSE,FALSE,"Rejected"
"1","Cat.allergy",NA,NA,-0.191172056110957,0,0,FALSE,TRUE,FALSE,FALSE,"Rejected"
"2","Cat.allergy",NA,NA,-0.166497645794695,0,0,FALSE,TRUE,FALSE,FALSE,"Rejected"
"3","Cat.allergy",NA,NA,0.532711802130152,0,0.24400884832225,FALSE,TRUE,FALSE,TRUE,"Rejected"
"4","Cat.allergy",NA,NA,-0.175042100224499,0,0,FALSE,TRUE,FALSE,FALSE,"Rejected"
"1","Cat.hair.allergy",NA,NA,-0.184516214935732,0,0,FALSE,TRUE,FALSE,FALSE,"Rejected"
"2","Cat.hair.allergy",NA,NA,0.560186106874346,0,0.35330473834785,FALSE,TRUE,FALSE,TRUE,"Rejected"
"3","Cat.hair.allergy",NA,NA,-0.175142095519937,0,0,FALSE,TRUE,FALSE,FALSE,"Rejected"
"4","Cat.hair.allergy",NA,NA,-0.200527796418677,0,0,FALSE,TRUE,FALSE,FALSE,"Rejected"
"1","Celiac.disease",NA,NA,-0.235920194436009,0,0,FALSE,TRUE,FALSE,FALSE,"Rejected"
"2","Celiac.disease",-8.27714594829808,0,-0.25896022361729,0,0,TRUE,TRUE,FALSE,FALSE,"Rejected"
"3","Celiac.disease",21.6765953153282,0,0.71798731996645,0,0.559073365848682,TRUE,TRUE,FALSE,TRUE,"Rejected"
"4","Celiac.disease",-6.96508505049714,0,-0.223106901913151,0,0,TRUE,TRUE,FALSE,FALSE,"Rejected"
"1","Cerebellar.ataxia",NA,NA,-0.181671225694541,0,0,FALSE,TRUE,FALSE,FALSE,"Rejected"
"2","Cerebellar.ataxia",11.3540999657229,0,0.561574665018216,0,0,TRUE,TRUE,FALSE,FALSE,"Rejected"
"3","Cerebellar.ataxia",-1.38718198092898,0,-0.168138677001116,0,0,TRUE,TRUE,FALSE,FALSE,"Rejected"
"4","Cerebellar.ataxia",-5.7368074585911,0,-0.211764762322559,0,0,TRUE,TRUE,FALSE,FALSE,"Rejected"
"1","Childhood.asthma",NA,NA,-0.244325508321753,0,0,FALSE,TRUE,FALSE,FALSE,"Rejected"
"2","Childhood.asthma",-3.66346308730756,0,-0.170321941391226,0,0,TRUE,TRUE,FALSE,FALSE,"Rejected"
"3","Childhood.asthma",10.9534821769331,0,0.614580464805009,0,0.304198104400078,TRUE,TRUE,FALSE,TRUE,"Rejected"
"4","Childhood.asthma",-2.18435807720946,0,-0.19993301509203,0,0,TRUE,TRUE,FALSE,FALSE,"Rejected"
"1","Childhood.bronchial.asthma",NA,NA,0,0,0,FALSE,FALSE,FALSE,FALSE,"Rejected"
"2","Childhood.bronchial.asthma",NA,NA,0,0,0,FALSE,FALSE,FALSE,FALSE,"Rejected"
"3","Childhood.bronchial.asthma",NA,NA,0,0,0,FALSE,FALSE,FALSE,FALSE,"Rejected"
"4","Childhood.bronchial.asthma",NA,NA,0,0,0,FALSE,FALSE,FALSE,FALSE,"Rejected"
"1","Chronic.bronchitis",NA,NA,-0.250260879614955,0,0,FALSE,TRUE,FALSE,FALSE,"Rejected"
"2","Chronic.bronchitis",-0.851141832894675,0,-0.194143123058837,0,0,TRUE,TRUE,FALSE,FALSE,"Rejected"
"3","Chronic.bronchitis",9.9556689439668,0,0.684175150691077,0,0.60022781426097,TRUE,TRUE,FALSE,TRUE,"Rejected"
"4","Chronic.bronchitis",-2.86499853471731,0,-0.239771148017285,0,0,TRUE,TRUE,FALSE,FALSE,"Rejected"
"1","Chronic.inflammation.of.right.shoulder",NA,NA,-0.22882686594668,0,0,FALSE,TRUE,FALSE,FALSE,"Rejected"
"2","Chronic.inflammation.of.right.shoulder",-6.04693046652662,0,-0.262645930251886,0,0,TRUE,TRUE,FALSE,FALSE,"Rejected"
"3","Chronic.inflammation.of.right.shoulder",13.2427039185514,0,0.704903670349238,0,0.740771867687201,TRUE,TRUE,FALSE,TRUE,"Rejected"
"4","Chronic.inflammation.of.right.shoulder",-2.75045184520258,0,-0.213430874150671,0,0,TRUE,TRUE,FALSE,FALSE,"Rejected"
"1","Chronic.neuroborreliosis",NA,NA,0.722022962810585,0,0.543598955759843,FALSE,TRUE,FALSE,TRUE,"Rejected"
"2","Chronic.neuroborreliosis",-6.51661536880205,0,-0.320000502561671,0,0,TRUE,TRUE,FALSE,FALSE,"Rejected"
"3","Chronic.neuroborreliosis",-6.69752320854083,0,-0.165951651119545,0,0,TRUE,TRUE,FALSE,FALSE,"Rejected"
"4","Chronic.neuroborreliosis",-6.85717240854134,0,-0.23607080912937,0,0,TRUE,TRUE,FALSE,FALSE,"Rejected"
"1","Chronic.pain.disorder",NA,NA,-0.178535164741001,0,0,FALSE,TRUE,FALSE,FALSE,"Rejected"
"2","Chronic.pain.disorder",18.6795417796065,0,0.540863601079178,0,0,TRUE,TRUE,FALSE,FALSE,"Rejected"
"3","Chronic.pain.disorder",-0.920869292517732,0,-0.12269041987757,0,0,TRUE,TRUE,FALSE,FALSE,"Rejected"
"4","Chronic.pain.disorder",-9.95417663622781,0,-0.239638016460607,0,0,TRUE,TRUE,FALSE,FALSE,"Rejected"
"1","Chronic.sinusitis",NA,NA,-0.133373012051946,0,0,FALSE,TRUE,FALSE,FALSE,"Rejected"
"2","Chronic.sinusitis",0.226704519411924,0.867788350745139,0.00607881564489515,0,0,FALSE,FALSE,FALSE,FALSE,"Rejected"
"3","Chronic.sinusitis",0.107349909862984,0.933265103952757,0.0448974894972335,0,0,FALSE,FALSE,FALSE,FALSE,"Rejected"
"4","Chronic.sinusitis",0.992810162218741,0.452754973018578,0.0823967069098172,0,0,FALSE,TRUE,FALSE,FALSE,"Rejected"
"1","Circulatory.problems",NA,NA,-0.0812966300850857,0,0,FALSE,TRUE,FALSE,FALSE,"Rejected"
"2","Circulatory.problems",3.96825610974095,0,0.322126132821013,0,0,TRUE,TRUE,FALSE,FALSE,"Rejected"
"3","Circulatory.problems",-0.24072341225604,0,-0.0833589705760692,0,0,TRUE,TRUE,FALSE,FALSE,"Rejected"
"4","Circulatory.problems",-2.52765157952061,0,-0.157470532159858,0,0,TRUE,TRUE,FALSE,FALSE,"Rejected"
"1","Congenital.asthma",NA,NA,-0.229404859340761,0,0,FALSE,TRUE,FALSE,FALSE,"Rejected"
"2","Congenital.asthma",6.65062366116771,4.21662704752634e-13,0.176526235010367,0,0,TRUE,TRUE,FALSE,FALSE,"Rejected"
"3","Congenital.asthma",-5.08564783651926,0,-0.236356958516835,0,0,TRUE,TRUE,FALSE,FALSE,"Rejected"
"4","Congenital.asthma",8.48638744148444,0,0.28923558284723,0,0,TRUE,TRUE,FALSE,FALSE,"Rejected"
"1","Congenital.atopic.dermatitis",NA,NA,-0.161734105782531,0,0,FALSE,TRUE,FALSE,FALSE,"Rejected"
"2","Congenital.atopic.dermatitis",3.34377548433239,0,0.47420355859986,0,0,TRUE,TRUE,FALSE,FALSE,"Rejected"
"3","Congenital.atopic.dermatitis",-0.31427202447394,0,-0.142369893387389,0,0,TRUE,TRUE,FALSE,FALSE,"Rejected"
"4","Congenital.atopic.dermatitis",-0.948249172533111,0,-0.17009955942994,0,0,TRUE,TRUE,FALSE,FALSE,"Rejected"
"1","Congenital.hypothyroidism",NA,NA,-0.236224487560328,0,0,FALSE,TRUE,FALSE,FALSE,"Rejected"
"2","Congenital.hypothyroidism",-2.06072580630294,0,-0.236688647460272,0,0,TRUE,TRUE,FALSE,FALSE,"Rejected"
"3","Congenital.hypothyroidism",12.5460604057458,0,0.749864572006999,0,0.740228047785519,TRUE,TRUE,FALSE,TRUE,"Rejected"
"4","Congenital.hypothyroidism",-5.16280069043779,0,-0.276951436986398,0,0,TRUE,TRUE,FALSE,FALSE,"Rejected"
"1","Coronary.heart.disease",NA,NA,0.412230308095251,0,0,FALSE,TRUE,FALSE,FALSE,"Rejected"
"2","Coronary.heart.disease",-2.46765657601887,0,-0.111279916017103,0,0,TRUE,TRUE,FALSE,FALSE,"Rejected"
"3","Coronary.heart.disease",-6.75000463128606,0,-0.172784186351761,0,0,TRUE,TRUE,FALSE,FALSE,"Rejected"
"4","Coronary.heart.disease",-3.47546110567204,0,-0.128166205726386,0,0,TRUE,TRUE,FALSE,FALSE,"Rejected"
"1","Crohn.s.disease",NA,NA,-0.227751916989506,0,0,FALSE,TRUE,FALSE,FALSE,"Rejected"
"2","Crohn.s.disease",19.6270491814327,0,0.38888057968072,0,0.12842199292139,TRUE,TRUE,FALSE,TRUE,"Rejected"
"3","Crohn.s.disease",-4.52932919411433,0,-0.205851609841718,0,0,TRUE,TRUE,FALSE,FALSE,"Rejected"
"4","Crohn.s.disease",2.13349778443645,0,0.0447229471505037,0,0,TRUE,FALSE,FALSE,FALSE,"Rejected"
"1","Current.smell.ability",NA,NA,-0.00164267920504639,0,-0.000805922672840581,FALSE,FALSE,FALSE,TRUE,"Confirmed"
"2","Current.smell.ability",0.029670578448811,0.00202846363588605,0.00210208850909905,0.00348876008048612,0.00452290780807041,TRUE,FALSE,TRUE,TRUE,"Confirmed"
"3","Current.smell.ability",0.0127033638822502,0.165433798083821,-0.000433169438917835,0,0,FALSE,FALSE,FALSE,FALSE,"Confirmed"
"4","Current.smell.ability",0.000759898822412938,0.936669600754344,-2.62398651348219e-05,0,0,FALSE,FALSE,FALSE,FALSE,"Confirmed"
"1","Dementia..onset.",NA,NA,-0.21225278687267,0,0,FALSE,TRUE,FALSE,FALSE,"Rejected"
"2","Dementia..onset.",10.7355890654976,0,0.667358459313633,0,0.0640012769373623,TRUE,TRUE,FALSE,TRUE,"Rejected"
"3","Dementia..onset.",-6.4603417684492,0,-0.339141622163788,0,0,TRUE,TRUE,FALSE,FALSE,"Rejected"
"4","Dementia..onset.",0.0230016212302936,0,-0.115964050277175,0,0,TRUE,TRUE,FALSE,FALSE,"Rejected"
"1","Depression",NA,NA,0.125375028766919,0,0,FALSE,TRUE,FALSE,FALSE,"Rejected"
"2","Depression",-0.70218657598786,0.690403155477921,0.049557705873608,0,0,FALSE,FALSE,FALSE,FALSE,"Rejected"
"3","Depression",-10.5754056490317,0,-0.214604721520979,0,0,TRUE,TRUE,FALSE,FALSE,"Rejected"
"4","Depression",-0.579622471686683,0.728339336167365,0.039671986880452,0,0,FALSE,FALSE,FALSE,FALSE,"Rejected"
"1","Diabetes.mellitus..generic.",NA,NA,-0.00265133064376702,0,0,FALSE,FALSE,FALSE,FALSE,"Rejected"
"2","Diabetes.mellitus..generic.",1.07585248202085,0.566093300423192,0.0979445746645844,0,0,FALSE,TRUE,FALSE,FALSE,"Rejected"
"3","Diabetes.mellitus..generic.",-14.6254986253352,0,-0.228089240668051,0,-0.133677482519091,TRUE,TRUE,FALSE,TRUE,"Rejected"
"4","Diabetes.mellitus..generic.",0.545415169684756,0.761652705950231,0.132795996647234,0,0,FALSE,TRUE,FALSE,FALSE,"Rejected"
"1","Diabetes.mellitus.type.I",NA,NA,-0.217817591381673,0,0,FALSE,TRUE,FALSE,FALSE,"Rejected"
"2","Diabetes.mellitus.type.I",-10.0647151549509,0,-0.261271869145099,0,0,TRUE,TRUE,FALSE,FALSE,"Rejected"
"3","Diabetes.mellitus.type.I",-5.83127408100518,0,-0.281362971266938,0,0,TRUE,TRUE,FALSE,FALSE,"Rejected"
"4","Diabetes.mellitus.type.I",20.7359834040873,0,0.76045243179371,0.924377413235195,1.50891981372656,TRUE,TRUE,TRUE,TRUE,"Rejected"
"1","Diabetes.mellitus.type.II",NA,NA,-0.0763200098712661,0,0,FALSE,TRUE,FALSE,FALSE,"Rejected"
"2","Diabetes.mellitus.type.II",-0.111613375087705,0.93394446177563,-0.0129829252130602,0,0,FALSE,FALSE,FALSE,FALSE,"Rejected"
"3","Diabetes.mellitus.type.II",0.934473562737034,0.431029269674875,0.287993520369193,0.603489878106061,0.69369494371337,FALSE,TRUE,TRUE,TRUE,"Rejected"
"4","Diabetes.mellitus.type.II",-12.2672657689328,0,-0.198690585284867,0,-0.1465869582128,TRUE,TRUE,FALSE,TRUE,"Rejected"
"1","Diabetes.under.investigation",NA,NA,0.583083059820289,0,0,FALSE,TRUE,FALSE,FALSE,"Rejected"
"2","Diabetes.under.investigation",-1.81843474568762,0,-0.14996474056206,0,0,TRUE,TRUE,FALSE,FALSE,"Rejected"
"3","Diabetes.under.investigation",-4.92359492398162,0,-0.198170797975291,0,0,TRUE,TRUE,FALSE,FALSE,"Rejected"
"4","Diabetes.under.investigation",-3.91042548403431,0,-0.234947521282938,0,0,TRUE,TRUE,FALSE,FALSE,"Rejected"
"1","Dissociation",NA,NA,-0.174075378447032,0,0,FALSE,TRUE,FALSE,FALSE,"Rejected"
"2","Dissociation",-6.54859203441158,0,-0.220810861906234,0,0,TRUE,TRUE,FALSE,FALSE,"Rejected"
"3","Dissociation",-0.0733377084005908,0,-0.0916144628355343,0,0,TRUE,TRUE,FALSE,FALSE,"Rejected"
"4","Dissociation",13.1942102675855,0,0.486500703188801,0,0.203553032092041,TRUE,TRUE,FALSE,TRUE,"Rejected"
"1","Do.you.drink.alcohol.",NA,NA,0.00113181127353781,0,0,FALSE,FALSE,FALSE,FALSE,"Rejected"
"2","Do.you.drink.alcohol.",-0.136972550278738,0.591206937219017,-0.0410303424535526,0,-0.0159980803879233,FALSE,FALSE,FALSE,TRUE,"Rejected"
"3","Do.you.drink.alcohol.",0.19755066739685,0.405575991024897,0.0226138013496691,0,0,FALSE,FALSE,FALSE,FALSE,"Rejected"
"4","Do.you.drink.alcohol.",0.102379079204646,0.662250663944901,0.0172847298303458,0,0,FALSE,FALSE,FALSE,FALSE,"Rejected"
"1","Do.you.smoke.",NA,NA,-0.000629085649669069,0,0,FALSE,FALSE,FALSE,FALSE,"Rejected"
"2","Do.you.smoke.",-0.0178760423126063,0.969698205505219,-0.0173609173643302,0,0,FALSE,FALSE,FALSE,FALSE,"Rejected"
"3","Do.you.smoke.",-0.102576219717851,0.805654345623604,0.00461808389250927,0,0,FALSE,FALSE,FALSE,FALSE,"Rejected"
"4","Do.you.smoke.",0.26138286332197,0.542067811221986,0.0133719191214899,0,0,FALSE,FALSE,FALSE,FALSE,"Rejected"
"1","Ear.implant",NA,NA,0.65196501055923,0,0,FALSE,TRUE,FALSE,FALSE,"Rejected"
"2","Ear.implant",-1.19512623035054,0,-0.159011160756433,0,0,TRUE,TRUE,FALSE,FALSE,"Rejected"
"3","Ear.implant",-5.25588413833488,0,-0.284807660421259,0,0,TRUE,TRUE,FALSE,FALSE,"Rejected"
"4","Ear.implant",-13.0457217979216,0,-0.208146189381538,0,0,TRUE,TRUE,FALSE,FALSE,"Rejected"
"1","Epilepsy",NA,NA,-0.0448490291018187,0,0,FALSE,FALSE,FALSE,FALSE,"Rejected"
"2","Epilepsy",6.44339681317755,1.40998324127395e-13,0.220845367712362,0,0,TRUE,TRUE,FALSE,FALSE,"Rejected"
"3","Epilepsy",-10.0668365014648,0,-0.212963292101542,0,0,TRUE,TRUE,FALSE,FALSE,"Rejected"
"4","Epilepsy",14.7610012507298,0,0.0369669534909989,0,0,TRUE,FALSE,FALSE,FALSE,"Rejected"
"1","Essential.hypertension",NA,NA,0,0,0,FALSE,FALSE,FALSE,FALSE,"Rejected"
"2","Essential.hypertension",NA,NA,0,0,0,FALSE,FALSE,FALSE,FALSE,"Rejected"
"3","Essential.hypertension",NA,NA,0,0,0,FALSE,FALSE,FALSE,FALSE,"Rejected"
"4","Essential.hypertension",NA,NA,0,0,0,FALSE,FALSE,FALSE,FALSE,"Rejected"
"1","Factor.V.Leiden.mutation",NA,NA,-0.105005777187564,0,0,FALSE,TRUE,FALSE,FALSE,"Rejected"
"2","Factor.V.Leiden.mutation",6.20287701149747,0,0.472287038927178,0,0,TRUE,TRUE,FALSE,FALSE,"Rejected"
"3","Factor.V.Leiden.mutation",-3.72486410429975,0,-0.184113572273641,0,0,TRUE,TRUE,FALSE,FALSE,"Rejected"
"4","Factor.V.Leiden.mutation",-2.21189627498929,0,-0.183167689465974,0,0,TRUE,TRUE,FALSE,FALSE,"Rejected"
"1","Fenestration",NA,NA,-0.298505600090068,0,0,FALSE,TRUE,FALSE,FALSE,"Rejected"
"2","Fenestration",-1.33155252689679,0,-0.226742930041042,0,0,TRUE,TRUE,FALSE,FALSE,"Rejected"
"3","Fenestration",13.6315375587775,0,0.755610249657831,0,0.85675256022909,TRUE,TRUE,FALSE,TRUE,"Rejected"
"4","Fenestration",-2.26053317066267,0,-0.230361719526721,0,0,TRUE,TRUE,FALSE,FALSE,"Rejected"
"1","Fibromyalgia",NA,NA,-0.175416124875938,0,0,FALSE,TRUE,FALSE,FALSE,"Rejected"
"2","Fibromyalgia",-6.46190575680575,0,-0.268034184392837,0,0,TRUE,TRUE,FALSE,FALSE,"Rejected"
"3","Fibromyalgia",-2.52899608026794,0,-0.196156027859259,0,0,TRUE,TRUE,FALSE,FALSE,"Rejected"
"4","Fibromyalgia",12.5456214384794,0,0.639606337128034,0,0,TRUE,TRUE,FALSE,FALSE,"Rejected"
"1","Food.allergies",NA,NA,-0.3174481630808,0,0,FALSE,TRUE,FALSE,FALSE,"Rejected"
"2","Food.allergies",14.6479341008583,0,0.775260769716427,0.713590231758403,1.5639408198614,TRUE,TRUE,TRUE,TRUE,"Rejected"
"3","Food.allergies",-2.70598866525654,0,-0.26202908904216,0,0,TRUE,TRUE,FALSE,FALSE,"Rejected"
"4","Food.allergies",-3.48232060251064,0,-0.195783517593468,0,0,TRUE,TRUE,FALSE,FALSE,"Rejected"
"1","Gender_NA",NA,NA,-0.280943521095651,0,0,FALSE,TRUE,FALSE,FALSE,"Rejected"
"2","Gender_NA",NA,NA,0.282103726355184,0,0,FALSE,TRUE,FALSE,FALSE,"Rejected"
"3","Gender_NA",NA,NA,-0.222569766784444,0,0,FALSE,TRUE,FALSE,FALSE,"Rejected"
"4","Gender_NA",NA,NA,0.221409561524912,0,0,FALSE,TRUE,FALSE,FALSE,"Rejected"
"1","Gender_d",NA,NA,-0.261787603672664,0,0,FALSE,TRUE,FALSE,FALSE,"Rejected"
"2","Gender_d",-4.93705804745657,0,-0.239022005114775,0,0,TRUE,TRUE,FALSE,FALSE,"Rejected"
"3","Gender_d",13.0585744245332,0,0.498544548504444,0.304538139510456,0.812679840178779,TRUE,TRUE,TRUE,TRUE,"Rejected"
"4","Gender_d",12.1807554603235,0,0.00226506028299465,0,0,TRUE,FALSE,FALSE,FALSE,"Rejected"
"1","Gender_m",NA,NA,0.0753987596978565,0.330063584055005,0.209046891937363,FALSE,TRUE,TRUE,TRUE,"Confirmed"
"2","Gender_m",NA,NA,-0.0764669728380905,0,-0.0630972130604012,FALSE,TRUE,FALSE,TRUE,"Confirmed"
"3","Gender_m",NA,NA,0.0618940491691033,0,0.0138101986501906,FALSE,TRUE,FALSE,TRUE,"Confirmed"
"4","Gender_m",NA,NA,-0.0608258360288694,-0.00764669637713533,-0.159759877527153,FALSE,TRUE,TRUE,TRUE,"Confirmed"
"1","Gender_w",NA,NA,-0.06663709041905,0,0,FALSE,TRUE,FALSE,FALSE,"Confirmed"
"2","Gender_w",0.711493872666693,0.0237613012157416,0.0780172983294834,0,0.0634017101050361,TRUE,TRUE,FALSE,TRUE,"Confirmed"
"3","Gender_w",-0.0366659991848053,0.9041322403102,-0.0695004612480328,-0.324626085063543,-0.207427720652813,FALSE,TRUE,TRUE,TRUE,"Confirmed"
"4","Gender_w",0.780750765836851,0.0110480506528323,0.0581202533375994,0,0.014853365747627,TRUE,TRUE,FALSE,TRUE,"Confirmed"
"1","Glaucoma",NA,NA,0,0,0,FALSE,FALSE,FALSE,FALSE,"Rejected"
"2","Glaucoma",NA,NA,0,0,0,FALSE,FALSE,FALSE,FALSE,"Rejected"
"3","Glaucoma",NA,NA,0,0,0,FALSE,FALSE,FALSE,FALSE,"Rejected"
"4","Glaucoma",NA,NA,0,0,0,FALSE,FALSE,FALSE,FALSE,"Rejected"
"1","Granulomatosis.with.polyangiitis",NA,NA,-0.238457741131122,0,0,FALSE,TRUE,FALSE,FALSE,"Rejected"
"2","Granulomatosis.with.polyangiitis",-3.78111747021631,0,-0.230440876908417,0,0,TRUE,TRUE,FALSE,FALSE,"Rejected"
"3","Granulomatosis.with.polyangiitis",9.17794397292844,0,0.642852858544222,0,0.496401819117683,TRUE,TRUE,FALSE,TRUE,"Rejected"
"4","Granulomatosis.with.polyangiitis",-1.11859760226628,0,-0.173954240504684,0,0,TRUE,TRUE,FALSE,FALSE,"Rejected"
"1","Graves..disease",NA,NA,0.541740569897743,0,0.277283244030098,FALSE,TRUE,FALSE,TRUE,"Rejected"
"2","Graves..disease",-8.71444397014271,0,-0.191979614420466,0,0,TRUE,TRUE,FALSE,FALSE,"Rejected"
"3","Graves..disease",-11.3303704830866,0,-0.18499241908533,0,0,TRUE,TRUE,FALSE,FALSE,"Rejected"
"4","Graves..disease",-7.91742450437688,0,-0.164768536391946,0,0,TRUE,TRUE,FALSE,FALSE,"Rejected"
"1","Has.facial.pain",NA,NA,0.0105417213312523,0,0,FALSE,FALSE,FALSE,FALSE,"Rejected"
"2","Has.facial.pain",-3.53466147758003,0.000912354201401122,0.0550587592161239,0,0,TRUE,TRUE,FALSE,FALSE,"Rejected"
"3","Has.facial.pain",-0.0697018378048176,0.94511489767219,-0.03746838170512,0,0,FALSE,FALSE,FALSE,FALSE,"Rejected"
"4","Has.facial.pain",-0.11513040298284,0.897431348423157,-0.0281320988422562,0,0,FALSE,FALSE,FALSE,FALSE,"Rejected"
"1","Has.migraine.changed.over.the.last.10.years",NA,NA,-0.00113637861638395,0,0,FALSE,FALSE,FALSE,FALSE,"Rejected"
"2","Has.migraine.changed.over.the.last.10.years",-0.278436100769219,0.409439108865203,-0.057744286074826,0,-0.03876215140743,FALSE,TRUE,FALSE,TRUE,"Rejected"
"3","Has.migraine.changed.over.the.last.10.years",0.0978843330252831,0.770025387973753,0.0264333155384475,0,0,FALSE,FALSE,FALSE,FALSE,"Rejected"
"4","Has.migraine.changed.over.the.last.10.years",-0.0591395255071853,0.853955816373747,0.0324473491527624,0,0,FALSE,FALSE,FALSE,FALSE,"Rejected"
"1","Hashimoto.s.thyroiditis",NA,NA,-0.187785745513847,0,0,FALSE,TRUE,FALSE,FALSE,"Rejected"
"2","Hashimoto.s.thyroiditis",3.94282608597948,2.68442117579148e-06,0.15883720624465,0,0,TRUE,TRUE,FALSE,FALSE,"Rejected"
"3","Hashimoto.s.thyroiditis",-4.03494631394662,0,-0.181570808747899,0,0,TRUE,TRUE,FALSE,FALSE,"Rejected"
"4","Hashimoto.s.thyroiditis",6.27378003817037,8.28226376370367e-14,0.210519348017096,0,0,TRUE,TRUE,FALSE,FALSE,"Rejected"
"1","Have.you.ever.smoked.",NA,NA,0.0133417327015787,0,0,FALSE,FALSE,FALSE,FALSE,"Rejected"
"2","Have.you.ever.smoked.",-0.44964871857623,0.296939482925259,-0.00861198773764278,0,0,FALSE,FALSE,FALSE,FALSE,"Rejected"
"3","Have.you.ever.smoked.",-0.120683263116224,0.760137803130416,0.0100005134292286,0,0,FALSE,FALSE,FALSE,FALSE,"Rejected"
"4","Have.you.ever.smoked.",-0.586439384888081,0.158602018906721,-0.0147302583931645,0,0,FALSE,FALSE,FALSE,FALSE,"Rejected"
"1","Have.you.had.COVID.19.",NA,NA,0.0135055304819439,0,0,FALSE,FALSE,FALSE,FALSE,"Rejected"
"2","Have.you.had.COVID.19.",1.40551776524252,0.0610418323238922,0.00366205014815435,0,0,FALSE,FALSE,FALSE,FALSE,"Rejected"
"3","Have.you.had.COVID.19.",-0.13808571210086,0.842820418529744,-0.0281577694578905,0,0,FALSE,FALSE,FALSE,FALSE,"Rejected"
"4","Have.you.had.COVID.19.",0.125563109327858,0.860568572842552,0.0109901888277922,0,0,FALSE,FALSE,FALSE,FALSE,"Rejected"
"1","Hay.fever",NA,NA,-0.269739626933156,0,0,FALSE,TRUE,FALSE,FALSE,"Rejected"
"2","Hay.fever",10.9642827139909,0,0.283148667579846,0,0,TRUE,TRUE,FALSE,FALSE,"Rejected"
"3","Hay.fever",-7.8203928586541,0,-0.278916748540502,0,0,TRUE,TRUE,FALSE,FALSE,"Rejected"
"4","Hay.fever",10.4955706484355,0,0.265507707893813,0,0,TRUE,TRUE,FALSE,FALSE,"Rejected"
"1","Head.tumor",NA,NA,0,0,0,FALSE,FALSE,FALSE,FALSE,"Rejected"
"2","Head.tumor",NA,NA,0,0,0,FALSE,FALSE,FALSE,FALSE,"Rejected"
"3","Head.tumor",NA,NA,0,0,0,FALSE,FALSE,FALSE,FALSE,"Rejected"
"4","Head.tumor",NA,NA,0,0,0,FALSE,FALSE,FALSE,FALSE,"Rejected"
"1","Heart.failure",NA,NA,-0.201827949793641,0,0,FALSE,TRUE,FALSE,FALSE,"Rejected"
"2","Heart.failure",16.1893576234771,0,0.464264792838447,0,0,TRUE,TRUE,FALSE,FALSE,"Rejected"
"3","Heart.failure",-7.24911668376253,0,-0.14826435490434,0,0,TRUE,TRUE,FALSE,FALSE,"Rejected"
"4","Heart.failure",-2.00977222007981,0,-0.114172488140466,0,0,TRUE,TRUE,FALSE,FALSE,"Rejected"
"1","Heart.valve.insufficiency..left.",NA,NA,-0.207492007260569,0,0,FALSE,TRUE,FALSE,FALSE,"Rejected"
"2","Heart.valve.insufficiency..left.",-3.88498591758244,0,-0.259932637021297,0,0,TRUE,TRUE,FALSE,FALSE,"Rejected"
"3","Heart.valve.insufficiency..left.",-3.08413556144634,0,-0.204995095968131,0,0,TRUE,TRUE,FALSE,FALSE,"Rejected"
"4","Heart.valve.insufficiency..left.",9.60795473751897,0,0.672419740249998,0,0.525313919970405,TRUE,TRUE,FALSE,TRUE,"Rejected"
"1","Height",NA,NA,0.00336054976489653,0,0,FALSE,FALSE,FALSE,FALSE,"Tentative"
"2","Height",-0.0271071193342267,0.0356351845203016,-0.00443890472647322,-0.00699647285424877,-0.00972854337143332,TRUE,FALSE,TRUE,TRUE,"Tentative"
"3","Height",-0.00574491884510822,0.664923381663301,0.00205933747977307,0,0,FALSE,FALSE,FALSE,FALSE,"Tentative"
"4","Height",-0.0103479863581978,0.42473939465418,-0.000980982518196382,0,0,FALSE,FALSE,FALSE,FALSE,"Tentative"
"1","Histamine.intolerance",NA,NA,-0.140469649279254,0,0,FALSE,TRUE,FALSE,FALSE,"Rejected"
"2","Histamine.intolerance",-5.5935729909841,0,-0.156360051317327,0,0,TRUE,TRUE,FALSE,FALSE,"Rejected"
"3","Histamine.intolerance",-6.32910027839433,0,-0.162595554871847,0,0,TRUE,TRUE,FALSE,FALSE,"Rejected"
"4","Histamine.intolerance",16.5107695346376,0,0.459425255468429,0,0.215799482740284,TRUE,TRUE,FALSE,TRUE,"Rejected"
"1","House.dust.allergy",NA,NA,-0.191206452786983,0,0,FALSE,TRUE,FALSE,FALSE,"Rejected"
"2","House.dust.allergy",-2.43650696728831,0,-0.166552167662957,0,0,TRUE,TRUE,FALSE,FALSE,"Rejected"
"3","House.dust.allergy",11.0906671621366,0,0.532830817996203,0,0.253290371905752,TRUE,TRUE,FALSE,TRUE,"Rejected"
"4","House.dust.allergy",-2.86842429507017,0,-0.175072197546263,0,0,TRUE,TRUE,FALSE,FALSE,"Rejected"
"1","House.dust.mite.allergy",NA,NA,-0.221725483464498,0,0,FALSE,TRUE,FALSE,FALSE,"Rejected"
"2","House.dust.mite.allergy",8.00363443881483,0,0.712104398918073,0,0.488211892286771,TRUE,TRUE,FALSE,TRUE,"Rejected"
"3","House.dust.mite.allergy",-3.65153373792105,0,-0.273070739626101,0,0,TRUE,TRUE,FALSE,FALSE,"Rejected"
"4","House.dust.mite.allergy",-2.1724995485297,0,-0.217308175827474,0,0,TRUE,TRUE,FALSE,FALSE,"Rejected"
"1","How.has.the.problem.changed",NA,NA,0.0083750180854313,0,0,FALSE,FALSE,FALSE,FALSE,"Rejected"
"2","How.has.the.problem.changed",NA,NA,-0.0200009264411814,0,0,FALSE,FALSE,FALSE,FALSE,"Rejected"
"3","How.has.the.problem.changed",NA,NA,0.00749640516710259,0,0,FALSE,FALSE,FALSE,FALSE,"Rejected"
"4","How.has.the.problem.changed",NA,NA,0.00412950318864746,0,0,FALSE,FALSE,FALSE,FALSE,"Rejected"
"1","How.many.times.have.you.had.COVID.19.",NA,NA,-0.00766912631136375,0,0,FALSE,FALSE,FALSE,FALSE,"Rejected"
"2","How.many.times.have.you.had.COVID.19.",-0.035456447874565,0.876780010401992,-0.00799432101827355,0,0,FALSE,FALSE,FALSE,FALSE,"Rejected"
"3","How.many.times.have.you.had.COVID.19.",0.376971748944106,0.067106282068746,0.00802085080916707,0,0,FALSE,FALSE,FALSE,FALSE,"Rejected"
"4","How.many.times.have.you.had.COVID.19.",0.237197048979074,0.265252311892528,0.00764259652047023,0,0,FALSE,FALSE,FALSE,FALSE,"Rejected"
"1","How.often.do.you.have.migraine.per.month",NA,NA,-0.0174777054581627,0,0,FALSE,FALSE,FALSE,FALSE,"Rejected"
"2","How.often.do.you.have.migraine.per.month",-0.879111179537342,0.201620578649345,-0.0221586662722202,0,0,FALSE,FALSE,FALSE,FALSE,"Rejected"
"3","How.often.do.you.have.migraine.per.month",0.00311012712866474,0.995858318517174,-0.0119102515874743,0,0,FALSE,FALSE,FALSE,FALSE,"Rejected"
"4","How.often.do.you.have.migraine.per.month",-0.280721532452227,0.624820834271015,0.0515466233178572,0.0181124680957005,0.0404458140304334,FALSE,TRUE,TRUE,TRUE,"Rejected"
"1","Hypercholesterolemia",NA,NA,-0.272690374313946,0,0,FALSE,TRUE,FALSE,FALSE,"Rejected"
"2","Hypercholesterolemia",-2.47258740310433,0,-0.195431757226835,0,0,TRUE,TRUE,FALSE,FALSE,"Rejected"
"3","Hypercholesterolemia",11.7616159424209,0,0.645451545332279,0,0.409724645871045,TRUE,TRUE,FALSE,TRUE,"Rejected"
"4","Hypercholesterolemia",-1.82264359407829,0,-0.177329413791497,0,0,TRUE,TRUE,FALSE,FALSE,"Rejected"
"1","Hypertension",NA,NA,-0.0568924486667784,0,0,FALSE,TRUE,FALSE,FALSE,"Rejected"
"2","Hypertension",-1.40381221208162,0.0528269846364824,0.0257802029110898,0,0,FALSE,FALSE,FALSE,FALSE,"Rejected"
"3","Hypertension",-0.296452249261409,0.668330443601829,0.0865381679346787,0.059785290008761,0.135920860123896,FALSE,TRUE,TRUE,TRUE,"Rejected"
"4","Hypertension",-0.955787320450163,0.179201603979757,-0.0554259221789901,0,0,FALSE,TRUE,FALSE,FALSE,"Rejected"
"1","Hypertension..variant.term.",NA,NA,-0.176074586660278,0,0,FALSE,TRUE,FALSE,FALSE,"Rejected"
"2","Hypertension..variant.term.",-0.390875740327192,0,-0.0981619674609324,0,0,TRUE,TRUE,FALSE,FALSE,"Rejected"
"3","Hypertension..variant.term.",10.327224753792,0,0.364681193307927,0,0.0591060456433424,TRUE,TRUE,FALSE,TRUE,"Rejected"
"4","Hypertension..variant.term.",-0.533818052578696,0,-0.0904446391867162,0,0,TRUE,TRUE,FALSE,FALSE,"Rejected"
"1","Hypothyroidism",NA,NA,-0.0344122754417617,0,0,FALSE,FALSE,FALSE,FALSE,"Rejected"
"2","Hypothyroidism",-0.680393580707659,0.546177186037223,0.000984692686920358,0,0,FALSE,FALSE,FALSE,FALSE,"Rejected"
"3","Hypothyroidism",-1.30993701682671,0.342483800814997,-0.0781594765983444,0,0,FALSE,TRUE,FALSE,FALSE,"Rejected"
"4","Hypothyroidism",0.168224155770846,0.874664067702457,0.111587059353186,0,0,FALSE,TRUE,FALSE,FALSE,"Rejected"
"1","Hypothyroidism..treated.after.thyroidectomy.",NA,NA,0.662219173571794,0,0.477265903806022,FALSE,TRUE,FALSE,TRUE,"Rejected"
"2","Hypothyroidism..treated.after.thyroidectomy.",-9.394699504051,0,-0.186749952393776,0,0,TRUE,TRUE,FALSE,FALSE,"Rejected"
"3","Hypothyroidism..treated.after.thyroidectomy.",-7.39828688161022,0,-0.214795513842058,0,0,TRUE,TRUE,FALSE,FALSE,"Rejected"
"4","Hypothyroidism..treated.after.thyroidectomy.",-12.7469999098356,0,-0.26067370733596,0,0,TRUE,TRUE,FALSE,FALSE,"Rejected"
"1","If.yes..how.did.the.problem.start",NA,NA,0.0149737508605199,0,0,FALSE,FALSE,FALSE,FALSE,"Rejected"
"2","If.yes..how.did.the.problem.start",0.119866704255753,0.677314852011017,-0.00889560639016577,0,0,FALSE,FALSE,FALSE,FALSE,"Rejected"
"3","If.yes..how.did.the.problem.start",0.0391065597715832,0.875442709574645,0.00318478122947712,0,0,FALSE,FALSE,FALSE,FALSE,"Rejected"
"4","If.yes..how.did.the.problem.start",-0.094270368103482,0.712150851393033,-0.00926292569983125,0,0,FALSE,FALSE,FALSE,FALSE,"Rejected"
"1","Insulin.resistance..diabetes.type.II.",NA,NA,-0.144061401886345,0,0,FALSE,TRUE,FALSE,FALSE,"Rejected"
"2","Insulin.resistance..diabetes.type.II.",4.32520152538882,0,0.440381487646198,0,0,TRUE,TRUE,FALSE,FALSE,"Rejected"
"3","Insulin.resistance..diabetes.type.II.",-0.171075770139339,0,-0.115139783984497,0,0,TRUE,TRUE,FALSE,FALSE,"Rejected"
"4","Insulin.resistance..diabetes.type.II.",-1.98743388111137,0,-0.181180301775356,0,0,TRUE,TRUE,FALSE,FALSE,"Rejected"
"1","Is.or.was.there.smell.reduction.after.COVID.19.",NA,NA,-0.0373861058026911,0,0,FALSE,FALSE,FALSE,FALSE,"Rejected"
"2","Is.or.was.there.smell.reduction.after.COVID.19.",0.245579068565494,0.727024035914422,0.0173550397238466,0,0,FALSE,FALSE,FALSE,FALSE,"Rejected"
"3","Is.or.was.there.smell.reduction.after.COVID.19.",-0.138898334771785,0.828811268144816,0.0394686063391451,0,0,FALSE,FALSE,FALSE,FALSE,"Rejected"
"4","Is.or.was.there.smell.reduction.after.COVID.19.",0.793539216311365,0.229344272769849,-0.0194375402603006,0,0,FALSE,FALSE,FALSE,FALSE,"Rejected"
"1","Jaw.cyst.removal",NA,NA,0.600418698849063,0,0.102461357699521,FALSE,TRUE,FALSE,TRUE,"Rejected"
"2","Jaw.cyst.removal",-4.14387174115649,0,-0.177260829993942,0,0,TRUE,TRUE,FALSE,FALSE,"Rejected"
"3","Jaw.cyst.removal",-5.65894695093671,0,-0.189129327430826,0,0,TRUE,TRUE,FALSE,FALSE,"Rejected"
"4","Jaw.cyst.removal",-5.54308949210696,0,-0.234028541424294,0,0,TRUE,TRUE,FALSE,FALSE,"Rejected"
"1","Kidney.congestion",NA,NA,-0.251511711698311,0,0,FALSE,TRUE,FALSE,FALSE,"Rejected"
"2","Kidney.congestion",-1.94702057943244,0,-0.236049883103678,0,0,TRUE,TRUE,FALSE,FALSE,"Rejected"
"3","Kidney.congestion",12.8206165169042,0,0.744181661708503,0,0.669749283335186,TRUE,TRUE,FALSE,TRUE,"Rejected"
"4","Kidney.congestion",-3.38912412152945,0,-0.256620066906513,0,0,TRUE,TRUE,FALSE,FALSE,"Rejected"
"1","Kidney.insufficiency",NA,NA,0.348702269233516,0,0,FALSE,TRUE,FALSE,FALSE,"Rejected"
"2","Kidney.insufficiency",-6.15706673556029,0,0.0449978659850005,0,0,TRUE,FALSE,FALSE,FALSE,"Rejected"
"3","Kidney.insufficiency",-13.7893317497589,0,-0.212496917079494,0,0,TRUE,TRUE,FALSE,FALSE,"Rejected"
"4","Kidney.insufficiency",-8.27357185525801,0,-0.181203218139022,0,0,TRUE,TRUE,FALSE,FALSE,"Rejected"
"1","Kidney.stones",NA,NA,0,0,0,FALSE,FALSE,FALSE,FALSE,"Rejected"
"2","Kidney.stones",NA,NA,0,0,0,FALSE,FALSE,FALSE,FALSE,"Rejected"
"3","Kidney.stones",NA,NA,0,0,0,FALSE,FALSE,FALSE,FALSE,"Rejected"
"4","Kidney.stones",NA,NA,0,0,0,FALSE,FALSE,FALSE,FALSE,"Rejected"
"1","Kidney.stones..suspected.",NA,NA,-0.234221260506613,0,0,FALSE,TRUE,FALSE,FALSE,"Rejected"
"2","Kidney.stones..suspected.",-6.22652912762152,0,-0.269649905882712,0,0,TRUE,TRUE,FALSE,FALSE,"Rejected"
"3","Kidney.stones..suspected.",14.6293259054024,0,0.745501655738975,0,0.617495794172405,TRUE,TRUE,FALSE,TRUE,"Rejected"
"4","Kidney.stones..suspected.",-3.52095716973052,0,-0.241630489349649,0,0,TRUE,TRUE,FALSE,FALSE,"Rejected"
"1","Kidney.surgery",NA,NA,-0.151112559918299,0,0,FALSE,TRUE,FALSE,FALSE,"Rejected"
"2","Kidney.surgery",2.65243367194973,0,0.528132849493178,0,0,TRUE,TRUE,FALSE,FALSE,"Rejected"
"3","Kidney.surgery",-0.0214364121724738,0,-0.156086963179882,0,0,TRUE,TRUE,FALSE,FALSE,"Rejected"
"4","Kidney.surgery",-2.42612260968248,0,-0.220933326394997,0,0,TRUE,TRUE,FALSE,FALSE,"Rejected"
"1","Kidney.transplant..status.post.",NA,NA,0.673740128950313,0,0.674750951709709,FALSE,TRUE,FALSE,TRUE,"Rejected"
"2","Kidney.transplant..status.post.",-9.1204908500045,0,-0.234211279763159,0,0,TRUE,TRUE,FALSE,FALSE,"Rejected"
"3","Kidney.transplant..status.post.",-8.1475991408527,0,-0.226900458759855,0,0,TRUE,TRUE,FALSE,FALSE,"Rejected"
"4","Kidney.transplant..status.post.",-8.99601387310735,0,-0.212628390427299,0,0,TRUE,TRUE,FALSE,FALSE,"Rejected"
"1","M..Hodgkin",NA,NA,0,0,0,FALSE,FALSE,FALSE,FALSE,"Rejected"
"2","M..Hodgkin",NA,NA,0,0,0,FALSE,FALSE,FALSE,FALSE,"Rejected"
"3","M..Hodgkin",NA,NA,0,0,0,FALSE,FALSE,FALSE,FALSE,"Rejected"
"4","M..Hodgkin",NA,NA,0,0,0,FALSE,FALSE,FALSE,FALSE,"Rejected"
"1","Malleus.replacement..middle.ear.",NA,NA,-0.241065744942174,0,0,FALSE,TRUE,FALSE,FALSE,"Rejected"
"2","Malleus.replacement..middle.ear.",-2.73788062595385,0,-0.245487027280144,0,0,TRUE,TRUE,FALSE,FALSE,"Rejected"
"3","Malleus.replacement..middle.ear.",11.6308647179741,0,0.711410733949632,0,0.536992488234573,TRUE,TRUE,FALSE,TRUE,"Rejected"
"4","Malleus.replacement..middle.ear.",-3.68098559792039,0,-0.224857961727314,0,0,TRUE,TRUE,FALSE,FALSE,"Rejected"
"1","Medical.consultation.for.nasal.breathing.problems",NA,NA,-0.0788410673344726,0,0,FALSE,TRUE,FALSE,FALSE,"Rejected"
"2","Medical.consultation.for.nasal.breathing.problems",-5.81823152603548,0,-0.139075761036678,0,0,TRUE,TRUE,FALSE,FALSE,"Rejected"
"3","Medical.consultation.for.nasal.breathing.problems",11.4180741859824,0,0.220560591357126,0,0,TRUE,TRUE,FALSE,FALSE,"Rejected"
"4","Medical.consultation.for.nasal.breathing.problems",9.18065615351059,0,-0.00264376298597529,0,0,TRUE,FALSE,FALSE,FALSE,"Rejected"
"1","Middle.ear.surgery",NA,NA,0,0,0,FALSE,FALSE,FALSE,FALSE,"Rejected"
"2","Middle.ear.surgery",NA,NA,0,0,0,FALSE,FALSE,FALSE,FALSE,"Rejected"
"3","Middle.ear.surgery",NA,NA,0,0,0,FALSE,FALSE,FALSE,FALSE,"Rejected"
"4","Middle.ear.surgery",NA,NA,0,0,0,FALSE,FALSE,FALSE,FALSE,"Rejected"
"1","Migraine",NA,NA,-0.030525242176804,0,0,FALSE,FALSE,FALSE,FALSE,"Rejected"
"2","Migraine",0.235925475775003,0.83581182698644,-0.0138704387100925,0,0,FALSE,FALSE,FALSE,FALSE,"Rejected"
"3","Migraine",-0.508857076728662,0.630336201981641,-0.0450127881693915,0,0,FALSE,FALSE,FALSE,FALSE,"Rejected"
"4","Migraine",0.31935812791504,0.748032517709447,0.089408469056288,0.0637608795773076,0.118570599168814,FALSE,TRUE,TRUE,TRUE,"Rejected"
"1","Mitochondriopathy",NA,NA,-0.153061591698199,0,0,FALSE,TRUE,FALSE,FALSE,"Rejected"
"2","Mitochondriopathy",1.28501844178516,0,0.457037006112983,0,0,TRUE,TRUE,FALSE,FALSE,"Rejected"
"3","Mitochondriopathy",-0.198389987256917,0,-0.138431000684393,0,0,TRUE,TRUE,FALSE,FALSE,"Rejected"
"4","Mitochondriopathy",-0.6212255605743,0,-0.165544413730391,0,0,TRUE,TRUE,FALSE,FALSE,"Rejected"
"1","Monoclonal.gammopathy.of.undetermined.significance",NA,NA,-0.176043213339784,0,0,FALSE,TRUE,FALSE,FALSE,"Rejected"
"2","Monoclonal.gammopathy.of.undetermined.significance",NA,NA,-0.0981252792079146,0,0,FALSE,TRUE,FALSE,FALSE,"Rejected"
"3","Monoclonal.gammopathy.of.undetermined.significance",NA,NA,0.364457615556105,0,0.0550711139183914,FALSE,TRUE,FALSE,TRUE,"Rejected"
"4","Monoclonal.gammopathy.of.undetermined.significance",NA,NA,-0.0902891230084063,0,0,FALSE,TRUE,FALSE,FALSE,"Rejected"
"1","Multiple.sclerosis",NA,NA,-0.233208886629897,0,0,FALSE,TRUE,FALSE,FALSE,"Rejected"
"2","Multiple.sclerosis",-8.6731726377954,0,-0.324001283644872,0,0,TRUE,TRUE,FALSE,FALSE,"Rejected"
"3","Multiple.sclerosis",-1.78360314734764,0,-0.192906115540353,0,0,TRUE,TRUE,FALSE,FALSE,"Rejected"
"4","Multiple.sclerosis",18.4245828098719,0,0.750116285815121,0.964211134393555,1.40293909630652,TRUE,TRUE,TRUE,TRUE,"Rejected"
"1","Myasthenia.gravis",NA,NA,0,0,0,FALSE,FALSE,FALSE,FALSE,"Rejected"
"2","Myasthenia.gravis",NA,NA,0,0,0,FALSE,FALSE,FALSE,FALSE,"Rejected"
"3","Myasthenia.gravis",NA,NA,0,0,0,FALSE,FALSE,FALSE,FALSE,"Rejected"
"4","Myasthenia.gravis",NA,NA,0,0,0,FALSE,FALSE,FALSE,FALSE,"Rejected"
"1","Nasal.airflow..both.nostrils.",NA,NA,-2.10643687344251e-05,0,0,FALSE,FALSE,FALSE,FALSE,"Rejected"
"2","Nasal.airflow..both.nostrils.",-0.0254194183869575,0.164754114064729,-6.07045550198932e-05,0,0,FALSE,FALSE,FALSE,FALSE,"Rejected"
"3","Nasal.airflow..both.nostrils.",0.00305764209475823,0.855695123555522,-0.000536218056304315,0,0,FALSE,FALSE,FALSE,FALSE,"Rejected"
"4","Nasal.airflow..both.nostrils.",0.00526214546846977,0.764036230542749,0.000617986980058633,0,0,FALSE,FALSE,FALSE,FALSE,"Rejected"
"1","Nasal.airflow..left.nostril.",NA,NA,0.000106694860219674,0,0,FALSE,FALSE,FALSE,FALSE,"Rejected"
"2","Nasal.airflow..left.nostril.",0.0065771364900399,0.559991991512826,0.000378296643346305,0,0,FALSE,FALSE,FALSE,FALSE,"Rejected"
"3","Nasal.airflow..left.nostril.",-1.44499628647484e-05,0.998933655634328,-0.000507744761888224,0,0,FALSE,FALSE,FALSE,FALSE,"Rejected"
"4","Nasal.airflow..left.nostril.",-0.00125317988105811,0.909554731772991,2.27532583222457e-05,0,0,FALSE,FALSE,FALSE,FALSE,"Rejected"
"1","Nasal.airflow..right.nostril.",NA,NA,0.000151532691361141,0,0,FALSE,FALSE,FALSE,FALSE,"Rejected"
"2","Nasal.airflow..right.nostril.",0.0132646988277753,0.247834167254429,0.00010582475593204,0,0,FALSE,FALSE,FALSE,FALSE,"Rejected"
"3","Nasal.airflow..right.nostril.",-0.00384455072818695,0.707163242483898,-0.000598455909462883,0,0,FALSE,FALSE,FALSE,FALSE,"Rejected"
"4","Nasal.airflow..right.nostril.",0.00166058007923313,0.87899811725418,0.000341098462169702,0,0,FALSE,FALSE,FALSE,FALSE,"Rejected"
"1","Nasal.fracture.surgery",NA,NA,0.0497786655711883,0,0,FALSE,FALSE,FALSE,FALSE,"Rejected"
"2","Nasal.fracture.surgery",1.55730518291373,0.249958747880946,0.418638732742534,0,0.554520367857344,FALSE,TRUE,FALSE,TRUE,"Rejected"
"3","Nasal.fracture.surgery",-7.237805326896,0,-0.220208733140542,0,0,TRUE,TRUE,FALSE,FALSE,"Rejected"
"4","Nasal.fracture.surgery",-8.56259092567973,0,-0.24820866517318,0,0,TRUE,TRUE,FALSE,FALSE,"Rejected"
"1","Nasal.mucosa.surgery",NA,NA,0.214800903420833,0,0,FALSE,TRUE,FALSE,FALSE,"Rejected"
"2","Nasal.mucosa.surgery",-0.260309640402468,0.446216656063446,0.224676659619366,0,0,FALSE,TRUE,FALSE,FALSE,"Rejected"
"3","Nasal.mucosa.surgery",-6.43682862598674,0,-0.199785566467288,0,0,TRUE,TRUE,FALSE,FALSE,"Rejected"
"4","Nasal.mucosa.surgery",-6.90817258775423,0,-0.239691996572911,0,0,TRUE,TRUE,FALSE,FALSE,"Rejected"
"1","Nasal_breathing_therapy_Acetylcysteine",NA,NA,-0.217909468363158,0,0,FALSE,TRUE,FALSE,FALSE,"Rejected"
"2","Nasal_breathing_therapy_Acetylcysteine",-2.22259571872531,0,-0.233534360053697,0,0,TRUE,TRUE,FALSE,FALSE,"Rejected"
"3","Nasal_breathing_therapy_Acetylcysteine",-2.59411279150566,0,-0.190041458763712,0,0,TRUE,TRUE,FALSE,FALSE,"Rejected"
"4","Nasal_breathing_therapy_Acetylcysteine",8.96060084151511,0,0.641485287180567,0,0.333881454551426,TRUE,TRUE,FALSE,TRUE,"Rejected"
"1","Nasal_breathing_therapy_Acupuncture",NA,NA,-0.30081407902359,0,0,FALSE,TRUE,FALSE,FALSE,"Rejected"
"2","Nasal_breathing_therapy_Acupuncture",-0.61063707846208,0,-0.130254170518757,0,0,TRUE,TRUE,FALSE,FALSE,"Rejected"
"3","Nasal_breathing_therapy_Acupuncture",9.73162187429393,0,0.637986191470868,0,0.56321671430978,TRUE,TRUE,FALSE,TRUE,"Rejected"
"4","Nasal_breathing_therapy_Acupuncture",-1.93015543952649,0,-0.206917941928521,0,0,TRUE,TRUE,FALSE,FALSE,"Rejected"
"1","Nasal_breathing_therapy_Antiallergics",NA,NA,-0.277964637777653,0,0,FALSE,TRUE,FALSE,FALSE,"Rejected"
"2","Nasal_breathing_therapy_Antiallergics",-4.73475350066945,0,-0.217601266516354,0,0,TRUE,TRUE,FALSE,FALSE,"Rejected"
"3","Nasal_breathing_therapy_Antiallergics",13.5243129762198,0,0.223866342885316,0,0,TRUE,TRUE,FALSE,FALSE,"Rejected"
"4","Nasal_breathing_therapy_Antiallergics",8.35908215102321,0,0.271699561408692,0,0,TRUE,TRUE,FALSE,FALSE,"Rejected"
"1","Nasal_breathing_therapy_Antibiotics",NA,NA,-0.00354021205176688,0,0,FALSE,FALSE,FALSE,FALSE,"Rejected"
"2","Nasal_breathing_therapy_Antibiotics",1.81904508879766,0.0505257005570519,-0.0384942388877125,0,0,FALSE,FALSE,FALSE,FALSE,"Rejected"
"3","Nasal_breathing_therapy_Antibiotics",2.62501056300877,0.00489313327395835,0.0339659102297486,0,0,TRUE,FALSE,FALSE,FALSE,"Rejected"
"4","Nasal_breathing_therapy_Antibiotics",2.29757111810669,0.0157923569007752,0.00806854070973083,0,0,TRUE,FALSE,FALSE,FALSE,"Rejected"
"1","Nasal_breathing_therapy_Asthma.diagnostics",NA,NA,-0.161809141882462,0,0,FALSE,TRUE,FALSE,FALSE,"Rejected"
"2","Nasal_breathing_therapy_Asthma.diagnostics",NA,NA,-0.20781314306964,0,0,FALSE,TRUE,FALSE,FALSE,"Rejected"
"3","Nasal_breathing_therapy_Asthma.diagnostics",NA,NA,-0.164631674171553,0,0,FALSE,TRUE,FALSE,FALSE,"Rejected"
"4","Nasal_breathing_therapy_Asthma.diagnostics",NA,NA,0.534253959123655,0,0.258027604525327,FALSE,TRUE,FALSE,TRUE,"Rejected"
"1","Nasal_breathing_therapy_Asthma.rescue.spray",NA,NA,-0.184100364501182,0,0,FALSE,TRUE,FALSE,FALSE,"Rejected"
"2","Nasal_breathing_therapy_Asthma.rescue.spray",8.49992072137954,0,0.612565999130663,0,0.176306610469631,TRUE,TRUE,FALSE,TRUE,"Rejected"
"3","Nasal_breathing_therapy_Asthma.rescue.spray",-3.24712488851502,0,-0.217953336894992,0,0,TRUE,TRUE,FALSE,FALSE,"Rejected"
"4","Nasal_breathing_therapy_Asthma.rescue.spray",-2.71128049448509,0,-0.21051229773449,0,0,TRUE,TRUE,FALSE,FALSE,"Rejected"
"1","Nasal_breathing_therapy_Corticoid.inhalation",NA,NA,-0.1721337726671,0,0,FALSE,TRUE,FALSE,FALSE,"Rejected"
"2","Nasal_breathing_therapy_Corticoid.inhalation",NA,NA,-0.157648771863923,0,0,FALSE,TRUE,FALSE,FALSE,"Rejected"
"3","Nasal_breathing_therapy_Corticoid.inhalation",NA,NA,0.478633277933616,0,0.130703491110945,FALSE,TRUE,FALSE,TRUE,"Rejected"
"4","Nasal_breathing_therapy_Corticoid.inhalation",NA,NA,-0.148850733402592,0,0,FALSE,TRUE,FALSE,FALSE,"Rejected"
"1","Nasal_breathing_therapy_Cortisone.spray",NA,NA,-0.187177589689977,0,-0.172105213331955,FALSE,TRUE,FALSE,TRUE,"Rejected"
"2","Nasal_breathing_therapy_Cortisone.spray",7.04625329260515,0,-0.0577773439176777,0,0,TRUE,TRUE,FALSE,FALSE,"Rejected"
"3","Nasal_breathing_therapy_Cortisone.spray",7.66880425942153,0,0.19443483924943,0,0.162435740779038,TRUE,TRUE,FALSE,TRUE,"Rejected"
"4","Nasal_breathing_therapy_Cortisone.spray",6.8590430750491,0,0.0505200943582246,0,0,TRUE,TRUE,FALSE,FALSE,"Rejected"
"1","Nasal_breathing_therapy_Doprident..medication.",NA,NA,0,0,0,FALSE,FALSE,FALSE,FALSE,"Rejected"
"2","Nasal_breathing_therapy_Doprident..medication.",NA,NA,0,0,0,FALSE,FALSE,FALSE,FALSE,"Rejected"
"3","Nasal_breathing_therapy_Doprident..medication.",NA,NA,0,0,0,FALSE,FALSE,FALSE,FALSE,"Rejected"
"4","Nasal_breathing_therapy_Doprident..medication.",NA,NA,0,0,0,FALSE,FALSE,FALSE,FALSE,"Rejected"
"1","Nasal_breathing_therapy_Hyposensitization",NA,NA,0.142447733147386,0,0,FALSE,TRUE,FALSE,FALSE,"Rejected"
"2","Nasal_breathing_therapy_Hyposensitization",-3.26674442942597,0.000228351488147149,0.100610641795018,0,0,TRUE,TRUE,FALSE,FALSE,"Rejected"
"3","Nasal_breathing_therapy_Hyposensitization",-2.67489508807587,0.00449289338934888,-0.0245363164905788,0,0,TRUE,FALSE,FALSE,FALSE,"Rejected"
"4","Nasal_breathing_therapy_Hyposensitization",-12.474930647506,0,-0.218522058451826,0,0,TRUE,TRUE,FALSE,FALSE,"Rejected"
"1","Nasal_breathing_therapy_Nasal.mucosa.surgery",NA,NA,0.738124394205704,0.246198737238679,1.27304255622262,FALSE,TRUE,TRUE,TRUE,"Rejected"
"2","Nasal_breathing_therapy_Nasal.mucosa.surgery",-17.9725717118283,0,-0.261777593254422,0,0,TRUE,TRUE,FALSE,FALSE,"Rejected"
"3","Nasal_breathing_therapy_Nasal.mucosa.surgery",-6.02670393607302,0,-0.255224112378829,0,0,TRUE,TRUE,FALSE,FALSE,"Rejected"
"4","Nasal_breathing_therapy_Nasal.mucosa.surgery",-13.6979159131313,0,-0.221122688572453,0,0,TRUE,TRUE,FALSE,FALSE,"Rejected"
"1","Nasal_breathing_therapy_No.therapy",NA,NA,-0.00486098261658736,0,0,FALSE,FALSE,FALSE,FALSE,"Rejected"
"2","Nasal_breathing_therapy_No.therapy",0.127442132371,0.838454769832076,0.0406309019611561,0,0,FALSE,FALSE,FALSE,FALSE,"Rejected"
"3","Nasal_breathing_therapy_No.therapy",-0.0967251603024176,0.870777022593507,-0.0569867176040428,0,0,FALSE,TRUE,FALSE,FALSE,"Rejected"
"4","Nasal_breathing_therapy_No.therapy",0.644162183226419,0.25569478527802,0.0212167982594741,0,0,FALSE,FALSE,FALSE,FALSE,"Rejected"
"1","Nasal_breathing_therapy_Obstructive.Sleep.Apnea.Syndrome",NA,NA,0.201228609892641,0,0,FALSE,TRUE,FALSE,FALSE,"Rejected"
"2","Nasal_breathing_therapy_Obstructive.Sleep.Apnea.Syndrome",NA,NA,0.120690141889827,0,0,FALSE,TRUE,FALSE,FALSE,"Rejected"
"3","Nasal_breathing_therapy_Obstructive.Sleep.Apnea.Syndrome",NA,NA,-0.192914981760168,0,0,FALSE,TRUE,FALSE,FALSE,"Rejected"
"4","Nasal_breathing_therapy_Obstructive.Sleep.Apnea.Syndrome",NA,NA,-0.1290037700223,0,0,FALSE,TRUE,FALSE,FALSE,"Rejected"
"1","Nasal_breathing_therapy_Ointment",NA,NA,-0.155331198180613,0,0,FALSE,TRUE,FALSE,FALSE,"Rejected"
"2","Nasal_breathing_therapy_Ointment",11.6891241658704,0,0.498537492550051,0.330761110278228,0.66741559226961,TRUE,TRUE,TRUE,TRUE,"Rejected"
"3","Nasal_breathing_therapy_Ointment",-4.39149624273318,0,-0.157979732297028,0,0,TRUE,TRUE,FALSE,FALSE,"Rejected"
"4","Nasal_breathing_therapy_Ointment",-4.12723672627581,0,-0.18522656207241,0,0,TRUE,TRUE,FALSE,FALSE,"Rejected"
"1","Nasal_breathing_therapy_Operation",NA,NA,-0.140432697793246,0,0,FALSE,TRUE,FALSE,FALSE,"Rejected"
"2","Nasal_breathing_therapy_Operation",NA,NA,-0.156362741776156,0,0,FALSE,TRUE,FALSE,FALSE,"Rejected"
"3","Nasal_breathing_therapy_Operation",NA,NA,-0.162669719277814,0,0,FALSE,TRUE,FALSE,FALSE,"Rejected"
"4","Nasal_breathing_therapy_Operation",NA,NA,0.459465158847216,0,0.191941908660562,FALSE,TRUE,FALSE,TRUE,"Rejected"
"1","Nasal_breathing_therapy_Operation.planned",NA,NA,-0.243392150065539,0,0,FALSE,TRUE,FALSE,FALSE,"Rejected"
"2","Nasal_breathing_therapy_Operation.planned",7.38677350624945,0,0.666618606351769,0,0.122918431646559,TRUE,TRUE,FALSE,TRUE,"Rejected"
"3","Nasal_breathing_therapy_Operation.planned",-2.10874241023872,0,-0.206468342610645,0,0,TRUE,TRUE,FALSE,FALSE,"Rejected"
"4","Nasal_breathing_therapy_Operation.planned",-1.52860719495225,0,-0.216758113675585,0,0,TRUE,TRUE,FALSE,FALSE,"Rejected"
"1","Nasal_breathing_therapy_Radio.wave.therapy",NA,NA,-0.177021005389071,0,0,FALSE,TRUE,FALSE,FALSE,"Rejected"
"2","Nasal_breathing_therapy_Radio.wave.therapy",NA,NA,-0.178195693691642,0,0,FALSE,TRUE,FALSE,FALSE,"Rejected"
"3","Nasal_breathing_therapy_Radio.wave.therapy",NA,NA,-0.139817456505315,0,0,FALSE,TRUE,FALSE,FALSE,"Rejected"
"4","Nasal_breathing_therapy_Radio.wave.therapy",NA,NA,0.495034155586027,0,0.194367098817099,FALSE,TRUE,FALSE,TRUE,"Rejected"
"1","Nasal_breathing_therapy_Red.light.therapy",NA,NA,0.7869036891585,0.547827174368022,1.51208178708651,FALSE,TRUE,TRUE,TRUE,"Rejected"
"2","Nasal_breathing_therapy_Red.light.therapy",-13.2491264262282,0,-0.278223507656647,0,0,TRUE,TRUE,FALSE,FALSE,"Rejected"
"3","Nasal_breathing_therapy_Red.light.therapy",-10.9987413161465,0,-0.214210877459203,0,0,TRUE,TRUE,FALSE,FALSE,"Rejected"
"4","Nasal_breathing_therapy_Red.light.therapy",-13.8740945446204,0,-0.29446930404265,0,0,TRUE,TRUE,FALSE,FALSE,"Rejected"
"1","Nasal_breathing_therapy_Regular.checkups",NA,NA,0,0,0,FALSE,FALSE,FALSE,FALSE,"Rejected"
"2","Nasal_breathing_therapy_Regular.checkups",NA,NA,0,0,0,FALSE,FALSE,FALSE,FALSE,"Rejected"
"3","Nasal_breathing_therapy_Regular.checkups",NA,NA,0,0,0,FALSE,FALSE,FALSE,FALSE,"Rejected"
"4","Nasal_breathing_therapy_Regular.checkups",NA,NA,0,0,0,FALSE,FALSE,FALSE,FALSE,"Rejected"
"1","Nasal_breathing_therapy_Sea.salt.inhalation",NA,NA,-0.273877811323568,0,0,FALSE,TRUE,FALSE,FALSE,"Rejected"
"2","Nasal_breathing_therapy_Sea.salt.inhalation",-2.85033439581394,0,-0.186347365357208,0,0,TRUE,TRUE,FALSE,FALSE,"Rejected"
"3","Nasal_breathing_therapy_Sea.salt.inhalation",-4.55854534847817,0,-0.284965088493591,0,0,TRUE,TRUE,FALSE,FALSE,"Rejected"
"4","Nasal_breathing_therapy_Sea.salt.inhalation",11.6023045235879,0,0.745190265174367,0,0.744774093791398,TRUE,TRUE,FALSE,TRUE,"Rejected"
"1","Nasal_breathing_therapy_Sinus.surgery",NA,NA,0.248551830077759,0,0,FALSE,TRUE,FALSE,FALSE,"Rejected"
"2","Nasal_breathing_therapy_Sinus.surgery",-2.19245181180105,0,0.199805208921935,0,0,TRUE,TRUE,FALSE,FALSE,"Rejected"
"3","Nasal_breathing_therapy_Sinus.surgery",-10.8675559785859,0,-0.23255876200356,0,0,TRUE,TRUE,FALSE,FALSE,"Rejected"
"4","Nasal_breathing_therapy_Sinus.surgery",-11.8766893859456,0,-0.215798276996134,0,0,TRUE,TRUE,FALSE,FALSE,"Rejected"
"1","Nasal_breathing_therapy_Sinusitis",NA,NA,-0.282427046276407,0,0,FALSE,TRUE,FALSE,FALSE,"Rejected"
"2","Nasal_breathing_therapy_Sinusitis",-3.95681894844788,0,-0.22620230278808,0,0,TRUE,TRUE,FALSE,FALSE,"Rejected"
"3","Nasal_breathing_therapy_Sinusitis",-2.29128691832686,0,-0.280591256330883,0,0,TRUE,TRUE,FALSE,FALSE,"Rejected"
"4","Nasal_breathing_therapy_Sinusitis",15.6246641506,0,0.78922060539537,0,0.794381977910351,TRUE,TRUE,FALSE,TRUE,"Rejected"
"1","Nasal_breathing_therapy_Tympanic.membrane.surgery",NA,NA,0.799999058194891,0.0266741286514186,1.07860233277884,FALSE,TRUE,TRUE,TRUE,"Rejected"
"2","Nasal_breathing_therapy_Tympanic.membrane.surgery",-17.3339893765049,0,-0.39290955297685,0,0,TRUE,TRUE,FALSE,FALSE,"Rejected"
"3","Nasal_breathing_therapy_Tympanic.membrane.surgery",-2.5968371026672,0,-0.166114367498472,0,0,TRUE,TRUE,FALSE,FALSE,"Rejected"
"4","Nasal_breathing_therapy_Tympanic.membrane.surgery",-13.9069813058307,0,-0.24097513771957,0,0,TRUE,TRUE,FALSE,FALSE,"Rejected"
"1","Nasal_breathing_therapy_Unspecified",NA,NA,0.0985152098927764,0,0,FALSE,TRUE,FALSE,FALSE,"Rejected"
"2","Nasal_breathing_therapy_Unspecified",-10.414564415149,0,0.0317437515521401,0,0,TRUE,FALSE,FALSE,FALSE,"Rejected"
"3","Nasal_breathing_therapy_Unspecified",-6.85427039236691,0,-0.210401173773581,0,0,TRUE,TRUE,FALSE,FALSE,"Rejected"
"4","Nasal_breathing_therapy_Unspecified",-1.32158763261311,0.441804396852103,0.0801422123286644,0,0,FALSE,TRUE,FALSE,FALSE,"Rejected"
"1","Nasal_breathing_therapy_Unspecified.surgery.for.nasal.breathing.problems",NA,NA,0.110404059179626,2.55628350119838e-05,0.144908607427622,FALSE,TRUE,TRUE,TRUE,"Rejected"
"2","Nasal_breathing_therapy_Unspecified.surgery.for.nasal.breathing.problems",NA,NA,-0.0686889830743459,0,0,FALSE,TRUE,FALSE,FALSE,"Rejected"
"3","Nasal_breathing_therapy_Unspecified.surgery.for.nasal.breathing.problems",NA,NA,-0.0364322055665619,0,0,FALSE,FALSE,FALSE,FALSE,"Rejected"
"4","Nasal_breathing_therapy_Unspecified.surgery.for.nasal.breathing.problems",NA,NA,-0.00528287053871789,0,0,FALSE,FALSE,FALSE,FALSE,"Rejected"
"1","Nasal_breathing_therapy_septoplasty",NA,NA,0.0625070840079837,0,0,FALSE,TRUE,FALSE,FALSE,"Rejected"
"2","Nasal_breathing_therapy_septoplasty",-13.806367963577,0,-0.272466352062791,0,-0.112233611110864,TRUE,TRUE,FALSE,TRUE,"Rejected"
"3","Nasal_breathing_therapy_septoplasty",0.194138276732583,0.899068092175423,0.109983122306063,0,0,FALSE,TRUE,FALSE,FALSE,"Rejected"
"4","Nasal_breathing_therapy_septoplasty",0.803856392236051,0.560303569670588,0.099976145748745,0,0,FALSE,TRUE,FALSE,FALSE,"Rejected"
"1","Nasal_breathing_therapy_turbinate.surgery",NA,NA,-0.233813150573178,0,0,FALSE,TRUE,FALSE,FALSE,"Rejected"
"2","Nasal_breathing_therapy_turbinate.surgery",12.4710634660975,0,0.264459572362737,0,0,TRUE,TRUE,FALSE,FALSE,"Rejected"
"3","Nasal_breathing_therapy_turbinate.surgery",6.70827289117313,0,0.270846090093178,0,0,TRUE,TRUE,FALSE,FALSE,"Rejected"
"4","Nasal_breathing_therapy_turbinate.surgery",-10.844503407603,0,-0.301492511882737,0,0,TRUE,TRUE,FALSE,FALSE,"Rejected"
"1","Nasal_breathing_therapy_turbinoplasty",NA,NA,0.189249203447704,0,0,FALSE,TRUE,FALSE,FALSE,"Rejected"
"2","Nasal_breathing_therapy_turbinoplasty",-5.42094230328943,0,-0.19520891756759,0,0,TRUE,TRUE,FALSE,FALSE,"Rejected"
"3","Nasal_breathing_therapy_turbinoplasty",-4.85810917959049,0,-0.206106742237069,0,0,TRUE,TRUE,FALSE,FALSE,"Rejected"
"4","Nasal_breathing_therapy_turbinoplasty",-1.46280671274609,0.125166666348304,0.212066456356955,0,0,FALSE,TRUE,FALSE,FALSE,"Rejected"
"1","Neck.carcinoma.surgery",NA,NA,-0.23239602538003,0,0,FALSE,TRUE,FALSE,FALSE,"Rejected"
"2","Neck.carcinoma.surgery",12.3193692576697,0,0.712251630728792,0,0,TRUE,TRUE,FALSE,FALSE,"Rejected"
"3","Neck.carcinoma.surgery",-1.85222140015295,0,-0.202004611500343,0,0,TRUE,TRUE,FALSE,FALSE,"Rejected"
"4","Neck.carcinoma.surgery",-7.40087279589685,0,-0.277850993848418,0,0,TRUE,TRUE,FALSE,FALSE,"Rejected"
"1","Neck.surgery",NA,NA,-0.257942904833801,0,0,FALSE,TRUE,FALSE,FALSE,"Rejected"
"2","Neck.surgery",14.5844608082121,0,0.315079188032799,0,0,TRUE,TRUE,FALSE,FALSE,"Rejected"
"3","Neck.surgery",0.409787727805255,0,0.171312844458879,0,0,TRUE,TRUE,FALSE,FALSE,"Rejected"
"4","Neck.surgery",-5.17266287894091,0,-0.228449127657877,0,0,TRUE,TRUE,FALSE,FALSE,"Rejected"
"1","Neck.trauma.surgery",NA,NA,-0.0992789134268138,0,0,FALSE,TRUE,FALSE,FALSE,"Rejected"
"2","Neck.trauma.surgery",5.81831784157406,0,0.44028110354074,0,0,TRUE,TRUE,FALSE,FALSE,"Rejected"
"3","Neck.trauma.surgery",-4.85601415895701,0,-0.196195784423895,0,0,TRUE,TRUE,FALSE,FALSE,"Rejected"
"4","Neck.trauma.surgery",-0.61713042257167,0,-0.144806405690031,0,0,TRUE,TRUE,FALSE,FALSE,"Rejected"
"1","Neurological.disorder",NA,NA,0.0302903228677013,0,0,FALSE,FALSE,FALSE,FALSE,"Rejected"
"2","Neurological.disorder",-1.23548655776372,0.360802462879523,0.122513304890585,0,0,FALSE,TRUE,FALSE,FALSE,"Rejected"
"3","Neurological.disorder",-1.51709652601635,0.37479052471541,-0.122187320101874,0,-0.170878542197071,FALSE,TRUE,FALSE,TRUE,"Rejected"
"4","Neurological.disorder",-9.93623102455757,0,-0.0306163076564123,0,0,TRUE,FALSE,FALSE,FALSE,"Rejected"
"1","Obsessive.compulsive.disorder",NA,NA,-0.174076365377565,0,0,FALSE,TRUE,FALSE,FALSE,"Rejected"
"2","Obsessive.compulsive.disorder",NA,NA,-0.220824020770083,0,0,FALSE,TRUE,FALSE,FALSE,"Rejected"
"3","Obsessive.compulsive.disorder",NA,NA,-0.0915947972232181,0,0,FALSE,TRUE,FALSE,FALSE,"Rejected"
"4","Obsessive.compulsive.disorder",NA,NA,0.486495183370866,0,0.202076268100776,FALSE,TRUE,FALSE,TRUE,"Rejected"
"1","Odor.identification..x.3.",NA,NA,0.0064081885273733,0,0,FALSE,FALSE,FALSE,FALSE,"Rejected"
"2","Odor.identification..x.3.",-0.13881955671882,0.575860277606773,-0.012455791110877,0,0,FALSE,FALSE,FALSE,FALSE,"Rejected"
"3","Odor.identification..x.3.",-0.196262552268873,0.401653286889498,-0.00442533689869329,0,0,FALSE,FALSE,FALSE,FALSE,"Rejected"
"4","Odor.identification..x.3.",-0.105454545775718,0.658503519688999,0.010472939482197,0,0,FALSE,FALSE,FALSE,FALSE,"Rejected"
"1","Operation",NA,NA,-0.140461725066199,0,0,FALSE,TRUE,FALSE,FALSE,"Rejected"
"2","Operation",NA,NA,-0.156377138052713,0,0,FALSE,TRUE,FALSE,FALSE,"Rejected"
"3","Operation",NA,NA,-0.16267606364482,0,0,FALSE,TRUE,FALSE,FALSE,"Rejected"
"4","Operation",NA,NA,0.459514926763732,0,0.233411546384067,FALSE,TRUE,FALSE,TRUE,"Rejected"
"1","Oral.carcinoma.surgery",NA,NA,0.603779295877121,0,0.594285045740432,FALSE,TRUE,FALSE,TRUE,"Rejected"
"2","Oral.carcinoma.surgery",-4.85998001427432,0,-0.222945281448659,0,0,TRUE,TRUE,FALSE,FALSE,"Rejected"
"3","Oral.carcinoma.surgery",-6.07239172406883,0,-0.23721248780529,0,0,TRUE,TRUE,FALSE,FALSE,"Rejected"
"4","Oral.carcinoma.surgery",-12.7904493231629,0,-0.143621526623171,0,0,TRUE,TRUE,FALSE,FALSE,"Rejected"
"1","Osteoarthritis",NA,NA,0.733612701737403,0,0.714159263592377,FALSE,TRUE,FALSE,TRUE,"Rejected"
"2","Osteoarthritis",-16.4169509373257,0,-0.316673697987401,0,0,TRUE,TRUE,FALSE,FALSE,"Rejected"
"3","Osteoarthritis",-14.4321516583509,0,-0.256014380598049,0,0,TRUE,TRUE,FALSE,FALSE,"Rejected"
"4","Osteoarthritis",-1.24165112981547,0,-0.160924623151952,0,0,TRUE,TRUE,FALSE,FALSE,"Rejected"
"1","Osteoporosis",NA,NA,0,0,0,FALSE,FALSE,FALSE,FALSE,"Rejected"
"2","Osteoporosis",NA,NA,0,0,0,FALSE,FALSE,FALSE,FALSE,"Rejected"
"3","Osteoporosis",NA,NA,0,0,0,FALSE,FALSE,FALSE,FALSE,"Rejected"
"4","Osteoporosis",NA,NA,0,0,0,FALSE,FALSE,FALSE,FALSE,"Rejected"
"1","Otoplasty",NA,NA,-0.278573789155863,0,0,FALSE,TRUE,FALSE,FALSE,"Rejected"
"2","Otoplasty",5.60405934515065,0,0.131963593571985,0,0,TRUE,TRUE,FALSE,FALSE,"Rejected"
"3","Otoplasty",12.5102725764552,0,0.0927106901347107,0,0,TRUE,TRUE,FALSE,FALSE,"Rejected"
"4","Otoplasty",1.92879463760096,0,0.0538995054491679,0,0,TRUE,TRUE,FALSE,FALSE,"Rejected"
"1","Parotidectomy",NA,NA,-0.235260640664556,0,0,FALSE,TRUE,FALSE,FALSE,"Rejected"
"2","Parotidectomy",-0.447526930714871,0,-0.144195700978332,0,0,TRUE,TRUE,FALSE,FALSE,"Rejected"
"3","Parotidectomy",5.47831674413922,0,0.489590659730456,0,0,TRUE,TRUE,FALSE,FALSE,"Rejected"
"4","Parotidectomy",0.0156389704985732,0,-0.110134318087569,0,0,TRUE,TRUE,FALSE,FALSE,"Rejected"
"1","Partial.kidney.resection.after.tumor",NA,NA,0,0,0,FALSE,FALSE,FALSE,FALSE,"Rejected"
"2","Partial.kidney.resection.after.tumor",NA,NA,0,0,0,FALSE,FALSE,FALSE,FALSE,"Rejected"
"3","Partial.kidney.resection.after.tumor",NA,NA,0,0,0,FALSE,FALSE,FALSE,FALSE,"Rejected"
"4","Partial.kidney.resection.after.tumor",NA,NA,0,0,0,FALSE,FALSE,FALSE,FALSE,"Rejected"
"1","Pharyngeal.abscess.surgery",NA,NA,-0.254646370482497,0,0,FALSE,TRUE,FALSE,FALSE,"Rejected"
"2","Pharyngeal.abscess.surgery",-1.10113140469118,0,-0.221037519057094,0,0,TRUE,TRUE,FALSE,FALSE,"Rejected"
"3","Pharyngeal.abscess.surgery",-3.05590437217724,0,-0.17980030356288,0,0,TRUE,TRUE,FALSE,FALSE,"Rejected"
"4","Pharyngeal.abscess.surgery",12.1986342912131,0,0.655484193102471,0,0.586328912653084,TRUE,TRUE,FALSE,TRUE,"Rejected"
"1","Polycystic.ovary.syndrome",NA,NA,-0.141901825301937,0,0,FALSE,TRUE,FALSE,FALSE,"Rejected"
"2","Polycystic.ovary.syndrome",-5.66405596679376,0,-0.19784538241708,0,0,TRUE,TRUE,FALSE,FALSE,"Rejected"
"3","Polycystic.ovary.syndrome",-1.78968730074735,0,-0.121586807296062,0,0,TRUE,TRUE,FALSE,FALSE,"Rejected"
"4","Polycystic.ovary.syndrome",14.6503072365716,0,0.461334015015079,0,0.101497114511089,TRUE,TRUE,FALSE,TRUE,"Rejected"
"1","Polyneuropathy",NA,NA,0.103847554366007,0,0,FALSE,TRUE,FALSE,FALSE,"Rejected"
"2","Polyneuropathy",-3.95120327319823,0,-0.0298074696763711,0,0,TRUE,FALSE,FALSE,FALSE,"Rejected"
"3","Polyneuropathy",-5.43717714558008,0,-0.214146963664617,0,0,TRUE,TRUE,FALSE,FALSE,"Rejected"
"4","Polyneuropathy",10.2968969401048,0,0.140106878974981,0,0,TRUE,TRUE,FALSE,FALSE,"Rejected"
"1","Poor.kidney.function",NA,NA,-0.301224428774144,0,0,FALSE,TRUE,FALSE,FALSE,"Rejected"
"2","Poor.kidney.function",-2.88369039020622,0,-0.216678505284316,0,0,TRUE,TRUE,FALSE,FALSE,"Rejected"
"3","Poor.kidney.function",-5.63345210794179,0,-0.299547299280799,0,0,TRUE,TRUE,FALSE,FALSE,"Rejected"
"4","Poor.kidney.function",16.6296693531967,0,0.817450233339259,0,0.910324647675609,TRUE,TRUE,FALSE,TRUE,"Rejected"
"1","Post.traumatic.stress.disorder",NA,NA,0.17126342731596,0,0,FALSE,TRUE,FALSE,FALSE,"Rejected"
"2","Post.traumatic.stress.disorder",-2.93930141559357,0,-0.00998177351961971,0,0,TRUE,FALSE,FALSE,FALSE,"Rejected"
"3","Post.traumatic.stress.disorder",-4.15413019023488,0,-0.165993893300628,0,0,TRUE,TRUE,FALSE,FALSE,"Rejected"
"4","Post.traumatic.stress.disorder",2.18950305840264,0,0.0047122395042878,0,0,TRUE,FALSE,FALSE,FALSE,"Rejected"
"1","Post.viral.fatigue.syndrome",NA,NA,-0.213733878909159,0,0,FALSE,TRUE,FALSE,FALSE,"Rejected"
"2","Post.viral.fatigue.syndrome",12.5068677849366,0,0.668337172856009,0,0.526508315161314,TRUE,TRUE,FALSE,TRUE,"Rejected"
"3","Post.viral.fatigue.syndrome",-3.7492890605025,0,-0.197194539442848,0,0,TRUE,TRUE,FALSE,FALSE,"Rejected"
"4","Post.viral.fatigue.syndrome",-4.45938484706728,0,-0.257408754504002,0,0,TRUE,TRUE,FALSE,FALSE,"Rejected"
"1","Primary.biliary.cirrhosis",NA,NA,0.541838159318998,0,0.2871055137409,FALSE,TRUE,FALSE,TRUE,"Rejected"
"2","Primary.biliary.cirrhosis",NA,NA,-0.19202765176572,0,0,FALSE,TRUE,FALSE,FALSE,"Rejected"
"3","Primary.biliary.cirrhosis",NA,NA,-0.184999866370627,0,0,FALSE,TRUE,FALSE,FALSE,"Rejected"
"4","Primary.biliary.cirrhosis",NA,NA,-0.164810641182651,0,0,FALSE,TRUE,FALSE,FALSE,"Rejected"
"1","Psoriasis",NA,NA,-0.195648547728702,0,0,FALSE,TRUE,FALSE,FALSE,"Rejected"
"2","Psoriasis",-3.49396844764099,0,-0.251370327891843,0,0,TRUE,TRUE,FALSE,FALSE,"Rejected"
"3","Psoriasis",-6.30425771480311,0,-0.237913067878791,0,0,TRUE,TRUE,FALSE,FALSE,"Rejected"
"4","Psoriasis",13.0195864412604,0,0.684931943499336,0,0.534160443819102,TRUE,TRUE,FALSE,TRUE,"Rejected"
"1","Psoriatic.arthritis",NA,NA,0.58854347857986,0.837894188086592,1.24024609595349,FALSE,TRUE,TRUE,TRUE,"Rejected"
"2","Psoriatic.arthritis",-12.3326564661666,0,-0.171961761013121,0,0,TRUE,TRUE,FALSE,FALSE,"Rejected"
"3","Psoriatic.arthritis",-14.5559606485514,0,-0.218699795916655,0,0,TRUE,TRUE,FALSE,FALSE,"Rejected"
"4","Psoriatic.arthritis",-8.56691805495302,0,-0.197881921650084,0,0,TRUE,TRUE,FALSE,FALSE,"Rejected"
"1","Radio.wave.therapy",NA,NA,-0.177007619166462,0,0,FALSE,TRUE,FALSE,FALSE,"Rejected"
"2","Radio.wave.therapy",-2.80787315482201,0,-0.178179835004259,0,0,TRUE,TRUE,FALSE,FALSE,"Rejected"
"3","Radio.wave.therapy",-2.06541306446752,0,-0.139811548026885,0,0,TRUE,TRUE,FALSE,FALSE,"Rejected"
"4","Radio.wave.therapy",10.9745002101831,0,0.494999002197606,0,0.199214620322845,TRUE,TRUE,FALSE,TRUE,"Rejected"
"1","Raynaud.s.syndrome",NA,NA,-0.161825568048597,0,0,FALSE,TRUE,FALSE,FALSE,"Rejected"
"2","Raynaud.s.syndrome",-6.40530144323141,0,-0.207787799432342,0,0,TRUE,TRUE,FALSE,FALSE,"Rejected"
"3","Raynaud.s.syndrome",-2.01917428749496,0,-0.164633519655816,0,0,TRUE,TRUE,FALSE,FALSE,"Rejected"
"4","Raynaud.s.syndrome",10.0469744543496,0,0.534246887136755,0,0.263730611560503,TRUE,TRUE,FALSE,TRUE,"Rejected"
"1","Reduced.sense.of.smell",NA,NA,-0.176067326298683,0,0,FALSE,TRUE,FALSE,FALSE,"Rejected"
"2","Reduced.sense.of.smell",NA,NA,-0.0981563687730715,0,0,FALSE,TRUE,FALSE,FALSE,"Rejected"
"3","Reduced.sense.of.smell",NA,NA,0.364565504514925,0,0.0655179094614634,FALSE,TRUE,FALSE,TRUE,"Rejected"
"4","Reduced.sense.of.smell",NA,NA,-0.0903418094431702,0,0,FALSE,TRUE,FALSE,FALSE,"Rejected"
"1","Rheumatism",NA,NA,-0.227726156563724,0,0,FALSE,TRUE,FALSE,FALSE,"Rejected"
"2","Rheumatism",8.26382332513067,0,0.344016320910449,0,0,TRUE,TRUE,FALSE,FALSE,"Rejected"
"3","Rheumatism",8.08774099026097,0,0.10606170566639,0,0,TRUE,TRUE,FALSE,FALSE,"Rejected"
"4","Rheumatism",-6.08873018802399,0,-0.222351870013114,0,0,TRUE,TRUE,FALSE,FALSE,"Rejected"
"1","Rheumatoid.arthritis",NA,NA,-0.190485862902394,0,0,FALSE,TRUE,FALSE,FALSE,"Rejected"
"2","Rheumatoid.arthritis",13.1394116962527,0,0.674774947947958,0,0.115522485335421,TRUE,TRUE,FALSE,TRUE,"Rejected"
"3","Rheumatoid.arthritis",-5.23093731461975,0,-0.263551806902935,0,0,TRUE,TRUE,FALSE,FALSE,"Rejected"
"4","Rheumatoid.arthritis",-6.18878803955159,0,-0.220737278142629,0,0,TRUE,TRUE,FALSE,FALSE,"Rejected"
"1","Sarcoidosis",NA,NA,0.355661245947027,0,0,FALSE,TRUE,FALSE,FALSE,"Rejected"
"2","Sarcoidosis",-10.1438749189928,0,-0.213812488309092,0,0,TRUE,TRUE,FALSE,FALSE,"Rejected"
"3","Sarcoidosis",-11.7357956799404,0,-0.250272843059964,0,0,TRUE,TRUE,FALSE,FALSE,"Rejected"
"4","Sarcoidosis",-0.348420035994869,0.859973943956981,0.108424085422028,0,0,FALSE,TRUE,FALSE,FALSE,"Rejected"
"1","Scheuermann.s.disease",NA,NA,0,0,0,FALSE,FALSE,FALSE,FALSE,"Rejected"
"2","Scheuermann.s.disease",NA,NA,0,0,0,FALSE,FALSE,FALSE,FALSE,"Rejected"
"3","Scheuermann.s.disease",NA,NA,0,0,0,FALSE,FALSE,FALSE,FALSE,"Rejected"
"4","Scheuermann.s.disease",NA,NA,0,0,0,FALSE,FALSE,FALSE,FALSE,"Rejected"
"1","Sensitivity.of.the.nose.to.stinging.burning.stimuli",NA,NA,-0.10194980480347,-0.272140951933548,-0.301932585775966,FALSE,TRUE,TRUE,TRUE,"Confirmed"
"2","Sensitivity.of.the.nose.to.stinging.burning.stimuli",1.32505236992735,5.92659255005401e-12,0.128891035777669,0.47262659911122,0.452972603319447,TRUE,TRUE,TRUE,TRUE,"Confirmed"
"3","Sensitivity.of.the.nose.to.stinging.burning.stimuli",0.513022731679672,0.0065169777573264,-0.0235701580286145,0,0,TRUE,FALSE,FALSE,FALSE,"Confirmed"
"4","Sensitivity.of.the.nose.to.stinging.burning.stimuli",0.749775845503251,7.88893858456596e-05,-0.00337107294558439,0,0,TRUE,FALSE,FALSE,FALSE,"Confirmed"
"1","Shingles",NA,NA,0,0,0,FALSE,FALSE,FALSE,FALSE,"Rejected"
"2","Shingles",NA,NA,0,0,0,FALSE,FALSE,FALSE,FALSE,"Rejected"
"3","Shingles",NA,NA,0,0,0,FALSE,FALSE,FALSE,FALSE,"Rejected"
"4","Shingles",NA,NA,0,0,0,FALSE,FALSE,FALSE,FALSE,"Rejected"
"1","Sinus.surgery",NA,NA,-0.0292364954956725,0,0,FALSE,FALSE,FALSE,FALSE,"Rejected"
"2","Sinus.surgery",0.241636960372086,0.701518879345769,0.0110378477345398,0,0,FALSE,FALSE,FALSE,FALSE,"Rejected"
"3","Sinus.surgery",0.702196982856076,0.224592781659952,0.0613191267252227,0,0,FALSE,TRUE,FALSE,FALSE,"Rejected"
"4","Sinus.surgery",-0.117050387005984,0.858741973361938,-0.0431204789640899,0,0,FALSE,FALSE,FALSE,FALSE,"Rejected"
"1","Sinusitis",NA,NA,0.412349379949992,0,0,FALSE,TRUE,FALSE,FALSE,"Rejected"
"2","Sinusitis",NA,NA,-0.111317219427187,0,0,FALSE,TRUE,FALSE,FALSE,"Rejected"
"3","Sinusitis",NA,NA,-0.172801430832012,0,0,FALSE,TRUE,FALSE,FALSE,"Rejected"
"4","Sinusitis",NA,NA,-0.128230729690793,0,0,FALSE,TRUE,FALSE,FALSE,"Rejected"
"1","Sleep.apnea",NA,NA,-0.213698225445118,0,0,FALSE,TRUE,FALSE,FALSE,"Rejected"
"2","Sleep.apnea",-4.46736738722771,0,-0.22832366037862,0,0,TRUE,TRUE,FALSE,FALSE,"Rejected"
"3","Sleep.apnea",7.91461038129663,0,0.613857796366087,0,0,TRUE,TRUE,FALSE,FALSE,"Rejected"
"4","Sleep.apnea",-0.696115887165453,0,-0.17183591054235,0,0,TRUE,TRUE,FALSE,FALSE,"Rejected"
"1","Smell.ability.before.COVID.19",NA,NA,-0.000348903581467333,0,0,FALSE,FALSE,FALSE,FALSE,"Confirmed"
"2","Smell.ability.before.COVID.19",NA,NA,0.000559105312354273,0,0,FALSE,FALSE,FALSE,FALSE,"Confirmed"
"3","Smell.ability.before.COVID.19",NA,NA,-0.000522122485836254,0,0,FALSE,FALSE,FALSE,FALSE,"Confirmed"
"4","Smell.ability.before.COVID.19",NA,NA,0.000311920754949314,0,0,FALSE,FALSE,FALSE,FALSE,"Confirmed"
"1","Smell.ability.immediately.after.COVID.19",NA,NA,0.000283819864697425,0,0,FALSE,FALSE,FALSE,FALSE,"Rejected"
"2","Smell.ability.immediately.after.COVID.19",-0.0239356127462376,0.00332892447971056,-0.000307525315500241,0,0,TRUE,FALSE,FALSE,FALSE,"Rejected"
"3","Smell.ability.immediately.after.COVID.19",-0.0138632591407428,0.0820965391035973,-0.000386904260433101,0,0,FALSE,FALSE,FALSE,FALSE,"Rejected"
"4","Smell.ability.immediately.after.COVID.19",-0.00827521468731313,0.313126366532684,0.000410609711235917,0,0,FALSE,FALSE,FALSE,FALSE,"Rejected"
"1","Smell.reduction.1",NA,NA,-0.0321928244131947,0,0,FALSE,FALSE,FALSE,FALSE,"Rejected"
"2","Smell.reduction.1",-0.765471738794345,0.250353497663191,-0.00341105982379282,0,0,FALSE,FALSE,FALSE,FALSE,"Rejected"
"3","Smell.reduction.1",0.526797486895857,0.373447042809641,0.0776599131222882,0.0724535450689874,0.155066253149757,FALSE,TRUE,TRUE,TRUE,"Rejected"
"4","Smell.reduction.1",-1.03605135981579,0.094569395843785,-0.0420560288853007,0,0,FALSE,FALSE,FALSE,FALSE,"Rejected"
"1","Smell.reduction.2",NA,NA,-0.0414048111848179,0,0,FALSE,FALSE,FALSE,FALSE,"Rejected"
"2","Smell.reduction.2",0.449204622251291,0.549890979772192,-0.00597371637136657,0,0,FALSE,FALSE,FALSE,FALSE,"Rejected"
"3","Smell.reduction.2",0.816655439229908,0.221334177723653,0.0676778216613888,0,0,FALSE,TRUE,FALSE,FALSE,"Rejected"
"4","Smell.reduction.2",0.354070611599939,0.623059337615766,-0.0202992941052044,0,0,FALSE,FALSE,FALSE,FALSE,"Rejected"
"1","Smell.reduction.3",NA,NA,-0.018077268936546,0,0,FALSE,FALSE,FALSE,FALSE,"Rejected"
"2","Smell.reduction.3",0.824854570946336,0.590257926524247,0.180070191583076,0,0.135567154017722,FALSE,TRUE,FALSE,TRUE,"Rejected"
"3","Smell.reduction.3",-13.1311290313002,0,-0.179569229769797,0,0,TRUE,TRUE,FALSE,FALSE,"Rejected"
"4","Smell.reduction.3",0.500904440200736,0.734076017022847,0.017576307123267,0,0,FALSE,FALSE,FALSE,FALSE,"Rejected"
"1","Soft.tissue.rheumatism",NA,NA,-0.225661072986561,0,0,FALSE,TRUE,FALSE,FALSE,"Rejected"
"2","Soft.tissue.rheumatism",-5.76357880309988,0,-0.258159232955562,0,0,TRUE,TRUE,FALSE,FALSE,"Rejected"
"3","Soft.tissue.rheumatism",12.2475515904731,0,0.718988304034952,0,0.637923766881191,TRUE,TRUE,FALSE,TRUE,"Rejected"
"4","Soft.tissue.rheumatism",-3.91718869719576,0,-0.235167998092829,0,0,TRUE,TRUE,FALSE,FALSE,"Rejected"
"1","Spinal.canal.stenosis",NA,NA,0,0,0,FALSE,FALSE,FALSE,FALSE,"Rejected"
"2","Spinal.canal.stenosis",NA,NA,0,0,0,FALSE,FALSE,FALSE,FALSE,"Rejected"
"3","Spinal.canal.stenosis",NA,NA,0,0,0,FALSE,FALSE,FALSE,FALSE,"Rejected"
"4","Spinal.canal.stenosis",NA,NA,0,0,0,FALSE,FALSE,FALSE,FALSE,"Rejected"
"1","Systemic.lupus.erythematosus",NA,NA,-0.184523867509222,0,0,FALSE,TRUE,FALSE,FALSE,"Rejected"
"2","Systemic.lupus.erythematosus",14.3376365258924,0,0.560291409898039,0,0.349195182262522,TRUE,TRUE,FALSE,TRUE,"Rejected"
"3","Systemic.lupus.erythematosus",-3.7193681632419,0,-0.175181111372353,0,0,TRUE,TRUE,FALSE,FALSE,"Rejected"
"4","Systemic.lupus.erythematosus",-4.35910336158525,0,-0.200586431016464,0,0,TRUE,TRUE,FALSE,FALSE,"Rejected"
"1","Thrombocytosis",NA,NA,-0.247596405249273,0,0,FALSE,TRUE,FALSE,FALSE,"Rejected"
"2","Thrombocytosis",11.8332949085073,0,0.71086326282557,0,0.725534144056936,TRUE,TRUE,FALSE,TRUE,"Rejected"
"3","Thrombocytosis",-3.72271785319988,0,-0.267340242026727,0,0,TRUE,TRUE,FALSE,FALSE,"Rejected"
"4","Thrombocytosis",-1.28930597434498,0,-0.195926615549569,0,0,TRUE,TRUE,FALSE,FALSE,"Rejected"
"1","Thyroid.carcinoma.surgery",NA,NA,-0.219299903911101,0,0,FALSE,TRUE,FALSE,FALSE,"Rejected"
"2","Thyroid.carcinoma.surgery",-1.57007089899363,0,-0.250293524356788,0,0,TRUE,TRUE,FALSE,FALSE,"Rejected"
"3","Thyroid.carcinoma.surgery",-5.89418543287476,0,-0.256659056071565,0,0,TRUE,TRUE,FALSE,FALSE,"Rejected"
"4","Thyroid.carcinoma.surgery",11.397383039624,0,0.726252484339454,0,0.64082289020513,TRUE,TRUE,FALSE,TRUE,"Rejected"
"1","Thyroid.problems",NA,NA,-0.223189808233807,0,0,FALSE,TRUE,FALSE,FALSE,"Rejected"
"2","Thyroid.problems",-1.73285337795955,0,-0.248730027293203,0,0,TRUE,TRUE,FALSE,FALSE,"Rejected"
"3","Thyroid.problems",-4.55754094381302,0,-0.226989017586998,0,0,TRUE,TRUE,FALSE,FALSE,"Rejected"
"4","Thyroid.problems",12.8850033053497,0,0.698908853114008,0,0.419906452828402,TRUE,TRUE,FALSE,TRUE,"Rejected"
"1","Thyroid.surgery",NA,NA,-0.191059293258398,0,0,FALSE,TRUE,FALSE,FALSE,"Rejected"
"2","Thyroid.surgery",-0.236293106179381,0,0.0630952287849291,0,0,TRUE,TRUE,FALSE,FALSE,"Rejected"
"3","Thyroid.surgery",12.5850985700628,0,0.32752764140981,0,0,TRUE,TRUE,FALSE,FALSE,"Rejected"
"4","Thyroid.surgery",-4.73197600673929,0,-0.199563576936341,0,0,TRUE,TRUE,FALSE,FALSE,"Rejected"
"1","Tinnitus",NA,NA,-0.141908522245416,0,0,FALSE,TRUE,FALSE,FALSE,"Rejected"
"2","Tinnitus",NA,NA,-0.197869392252053,0,0,FALSE,TRUE,FALSE,FALSE,"Rejected"
"3","Tinnitus",NA,NA,-0.121594201110668,0,0,FALSE,TRUE,FALSE,FALSE,"Rejected"
"4","Tinnitus",NA,NA,0.461372115608137,0,0.0976263869293762,FALSE,TRUE,FALSE,TRUE,"Rejected"
"1","Tonsillectomy",NA,NA,-0.0230251958699782,0,0,FALSE,FALSE,FALSE,FALSE,"Rejected"
"2","Tonsillectomy",0.0857147384007035,0.939291468823608,0.0362060039761987,0,0,FALSE,FALSE,FALSE,FALSE,"Rejected"
"3","Tonsillectomy",0.51387016704319,0.623446347151961,0.0447002762446025,0,0,FALSE,FALSE,FALSE,FALSE,"Rejected"
"4","Tonsillectomy",-0.129874735661604,0.916837910767352,-0.057881084350823,0,0,FALSE,TRUE,FALSE,FALSE,"Rejected"
"1","Tonsillotomy",NA,NA,0.000239568143355686,0,0,FALSE,FALSE,FALSE,FALSE,"Rejected"
"2","Tonsillotomy",-0.299227339168281,0.607713882135316,0.0258782240320157,0,0,FALSE,FALSE,FALSE,FALSE,"Rejected"
"3","Tonsillotomy",-0.341776811312666,0.533152450463099,0.00127256498135435,0,0,FALSE,FALSE,FALSE,FALSE,"Rejected"
"4","Tonsillotomy",-0.290207363881149,0.601541155853503,-0.0273903571567258,0,0,FALSE,FALSE,FALSE,FALSE,"Rejected"
"1","Tympanic.membrane.surgery",NA,NA,-0.0795236891757078,0,0,FALSE,TRUE,FALSE,FALSE,"Rejected"
"2","Tympanic.membrane.surgery",5.8550782169674,0,0.346320355076161,0,0.156841859639658,TRUE,TRUE,FALSE,TRUE,"Rejected"
"3","Tympanic.membrane.surgery",-9.93204208769137,0,-0.20926613399321,0,0,TRUE,TRUE,FALSE,FALSE,"Rejected"
"4","Tympanic.membrane.surgery",5.16785344751494,0,-0.0575305319072424,0,0,TRUE,TRUE,FALSE,FALSE,"Rejected"
"1","Tympanostomy.tube.insertion",NA,NA,0.280255025484964,0,0,FALSE,TRUE,FALSE,FALSE,"Rejected"
"2","Tympanostomy.tube.insertion",-10.3156168165396,2.44249065417534e-15,-0.0826176615001499,0,0,TRUE,TRUE,FALSE,FALSE,"Rejected"
"3","Tympanostomy.tube.insertion",-5.09172148447915,3.71988773117948e-09,0.0384493871121334,0,0,TRUE,FALSE,FALSE,FALSE,"Rejected"
"4","Tympanostomy.tube.insertion",-13.6974003784116,0,-0.236086751096947,0,0,TRUE,TRUE,FALSE,FALSE,"Rejected"
"1","Unpecified_ENT_surgery",NA,NA,-0.264012679093624,0,0,FALSE,TRUE,FALSE,FALSE,"Rejected"
"2","Unpecified_ENT_surgery",9.18223489749854,0,0.257277484391837,0,0,TRUE,TRUE,FALSE,FALSE,"Rejected"
"3","Unpecified_ENT_surgery",-5.8056107650448,0,-0.251808293713381,0,0,TRUE,TRUE,FALSE,FALSE,"Rejected"
"4","Unpecified_ENT_surgery",8.77602087466209,0,0.258543488415168,0,0,TRUE,TRUE,FALSE,FALSE,"Rejected"
"1","Unpecified_chronic_disease",NA,NA,-0.233939159055103,0,0,FALSE,TRUE,FALSE,FALSE,"Rejected"
"2","Unpecified_chronic_disease",16.3947268109489,0,0.620350033971911,1.06724165828615,1.45819918193682,TRUE,TRUE,TRUE,TRUE,"Rejected"
"3","Unpecified_chronic_disease",-1.96516921607188,0,-0.198692304621471,0,0,TRUE,TRUE,FALSE,FALSE,"Rejected"
"4","Unpecified_chronic_disease",-2.49793418237761,0,-0.187718570295337,0,0,TRUE,TRUE,FALSE,FALSE,"Rejected"
"1","Unspecified.surgery.for.nasal.breathing.problems",NA,NA,0.110395781529242,0.0843126727164139,0.148404237865383,FALSE,TRUE,TRUE,TRUE,"Rejected"
"2","Unspecified.surgery.for.nasal.breathing.problems",-2.4363047155958,0.0455151933463922,-0.0686725948617384,0,0,TRUE,TRUE,FALSE,FALSE,"Rejected"
"3","Unspecified.surgery.for.nasal.breathing.problems",-1.06356773685544,0.320825612101201,-0.0364421119921802,0,0,FALSE,FALSE,FALSE,FALSE,"Rejected"
"4","Unspecified.surgery.for.nasal.breathing.problems",-1.55905527881372,0.14631673735112,-0.00528107467532296,0,0,FALSE,FALSE,FALSE,FALSE,"Rejected"
"1","Upper.respiratory.infection",NA,NA,-0.0373636809730677,0,0,FALSE,FALSE,FALSE,FALSE,"Rejected"
"2","Upper.respiratory.infection",-0.904036298731106,0.299999555672531,-0.0875688385159586,0,0,FALSE,TRUE,FALSE,FALSE,"Rejected"
"3","Upper.respiratory.infection",0.410167437468286,0.503934420071265,0.118948631175305,0.0228780221441327,0.152050188486247,FALSE,TRUE,TRUE,TRUE,"Rejected"
"4","Upper.respiratory.infection",0.349397452249362,0.598135282122997,0.00598388831372175,0,0,FALSE,FALSE,FALSE,FALSE,"Rejected"
"1","Vocal.cord.surgery",NA,NA,0.263271240921563,0,0,FALSE,TRUE,FALSE,FALSE,"Rejected"
"2","Vocal.cord.surgery",-13.9835812321069,0,-0.277972982631164,0,0,TRUE,TRUE,FALSE,FALSE,"Rejected"
"3","Vocal.cord.surgery",-14.5276780592794,0,-0.258459630040154,0,0,TRUE,TRUE,FALSE,FALSE,"Rejected"
"4","Vocal.cord.surgery",-5.07827306289142,0,0.273161371749755,0,0,TRUE,TRUE,FALSE,FALSE,"Rejected"
"1","Weight",NA,NA,0.000351554768775652,0,0,FALSE,FALSE,FALSE,FALSE,"Rejected"
"2","Weight",0.0112649764797516,0.250617046388589,-0.000314893068387128,0,0,FALSE,FALSE,FALSE,FALSE,"Rejected"
"3","Weight",0.00285401878926806,0.758417361520513,0.00119474562583091,0,0,FALSE,FALSE,FALSE,FALSE,"Rejected"
"4","Weight",0.000318353785425884,0.973118181427725,-0.00123140732621943,0,-0.000956342778281535,FALSE,FALSE,FALSE,TRUE,"Rejected"
"1","covid_temporal_category",NA,NA,-0.00400787008956028,0,0,FALSE,FALSE,FALSE,FALSE,"Rejected"
"2","covid_temporal_category",0.13216596576397,0.189826469674173,0.0107641329063092,0,0,FALSE,FALSE,FALSE,FALSE,"Rejected"
"3","covid_temporal_category",0.0436539377351196,0.645730955797965,0.00175553270487097,0,0,FALSE,FALSE,FALSE,FALSE,"Rejected"
"4","covid_temporal_category",0.0352824400819557,0.709421571858014,-0.00851179552161992,0,0,FALSE,FALSE,FALSE,FALSE,"Rejected"
"1","facial_pain_burning",NA,NA,-0.196928505802628,0,0,FALSE,TRUE,FALSE,FALSE,"Rejected"
"2","facial_pain_burning",5.24420522669073,3.30877747289904e-06,-0.0447912572403455,0,0,TRUE,FALSE,FALSE,FALSE,"Rejected"
"3","facial_pain_burning",6.33593276104129,1.34950273178447e-10,0.120349573891199,0,0,TRUE,TRUE,FALSE,FALSE,"Rejected"
"4","facial_pain_burning",6.53509682501957,2.41406894474494e-12,0.121370189151774,0,0,TRUE,TRUE,FALSE,FALSE,"Rejected"
"1","facial_pain_freq_code",NA,NA,-0.0181589118264047,0,0,FALSE,FALSE,FALSE,FALSE,"Rejected"
"2","facial_pain_freq_code",0.113549575064596,0.858811029519496,0.0336123874108152,0,0,FALSE,FALSE,FALSE,FALSE,"Rejected"
"3","facial_pain_freq_code",1.36559866902838,0.0340424421317489,-0.0105121686069325,0,0,TRUE,FALSE,FALSE,FALSE,"Rejected"
"4","facial_pain_freq_code",1.10948014799463,0.0634337366027091,-0.00494130697747804,0,0,FALSE,FALSE,FALSE,FALSE,"Rejected"
"1","facial_pain_pressing",NA,NA,-0.0489589148610481,0,0,FALSE,FALSE,FALSE,FALSE,"Rejected"
"2","facial_pain_pressing",5.58669398526043,2.22107130465332e-08,0.182103841315653,0.365389707709195,0.497377973695046,TRUE,TRUE,TRUE,TRUE,"Rejected"
"3","facial_pain_pressing",-3.43232993842248,0.012037654701196,-0.03613456485671,0,0,TRUE,FALSE,FALSE,FALSE,"Rejected"
"4","facial_pain_pressing",-2.95591932519646,0.0132862207813849,-0.0970103615978946,0,0,TRUE,TRUE,FALSE,FALSE,"Rejected"
"1","facial_pain_pulling",NA,NA,0.0878587794468407,0,0,FALSE,TRUE,FALSE,FALSE,"Rejected"
"2","facial_pain_pulling",-1.74723695019605,0.246836319311522,-0.0355996656718687,0,0,FALSE,FALSE,FALSE,FALSE,"Rejected"
"3","facial_pain_pulling",-4.50392304805426,0.00153582887081516,-0.0466235957494248,0,0,TRUE,FALSE,FALSE,FALSE,"Rejected"
"4","facial_pain_pulling",-2.93444157805607,0.015697114876666,-0.00563551802554719,0,0,TRUE,FALSE,FALSE,FALSE,"Rejected"
"1","facial_pain_stabbing",NA,NA,-0.119976824425425,0,0,FALSE,TRUE,FALSE,FALSE,"Rejected"
"2","facial_pain_stabbing",7.50657413199614,1.50102152929321e-12,0.344215921320869,0.786242304283745,0.889775439384396,TRUE,TRUE,TRUE,TRUE,"Rejected"
"3","facial_pain_stabbing",-10.8958869727491,0,-0.175082972566895,0,0,TRUE,TRUE,FALSE,FALSE,"Rejected"
"4","facial_pain_stabbing",-1.11565709585578,0.575964216524498,-0.0491561243285485,0,0,FALSE,FALSE,FALSE,FALSE,"Rejected"
"1","has.ENT.surgery",NA,NA,0.0119260162888742,0,0,FALSE,FALSE,FALSE,FALSE,"Rejected"
"2","has.ENT.surgery",NA,NA,0.0366709520993154,0,0,FALSE,FALSE,FALSE,FALSE,"Rejected"
"3","has.ENT.surgery",NA,NA,-0.0181903699634113,0,0,FALSE,FALSE,FALSE,FALSE,"Rejected"
"4","has.ENT.surgery",NA,NA,-0.0304065984247783,0,0,FALSE,FALSE,FALSE,FALSE,"Rejected"
"1","has.chronic.disease",NA,NA,-0.0693877009905159,-0.0814846638373705,-0.132633681153779,FALSE,TRUE,TRUE,TRUE,"Rejected"
"2","has.chronic.disease",1.65148633545903,0.0239791594334671,0.0293536108359914,0,0,TRUE,FALSE,FALSE,FALSE,"Rejected"
"3","has.chronic.disease",1.25448668319983,0.0739725330312067,0.0454416076996385,0,0,FALSE,FALSE,FALSE,FALSE,"Rejected"
"4","has.chronic.disease",1.19265472016447,0.0861987826213815,-0.005407517545114,0,0,FALSE,FALSE,FALSE,FALSE,"Rejected"
"1","mean_cigs",NA,NA,0.000944880428452631,0,0,FALSE,FALSE,FALSE,FALSE,"Rejected"
"2","mean_cigs",0.0287265046202528,0.456246697560929,9.15762767112592e-05,0,0,FALSE,FALSE,FALSE,FALSE,"Rejected"
"3","mean_cigs",-0.00659763140663245,0.85162844078983,0.00115952990901811,0,0,FALSE,FALSE,FALSE,FALSE,"Rejected"
"4","mean_cigs",0.0225385153937723,0.570744024957317,-0.002195986614182,0,0,FALSE,FALSE,FALSE,FALSE,"Rejected"
"1","nasal_breathing_problem",NA,NA,0.00363095441098206,0,0,FALSE,FALSE,FALSE,FALSE,"Rejected"
"2","nasal_breathing_problem",NA,NA,-0.00929597020604515,0,0,FALSE,FALSE,FALSE,FALSE,"Rejected"
"3","nasal_breathing_problem",NA,NA,-0.0282534189288153,0,0,FALSE,FALSE,FALSE,FALSE,"Rejected"
"4","nasal_breathing_problem",NA,NA,0.0339184347238784,0,0,FALSE,FALSE,FALSE,FALSE,"Rejected"
"1","nasal_breathing_problem_ongoing",NA,NA,0.207821114501023,0,0,FALSE,TRUE,FALSE,FALSE,"Rejected"
"2","nasal_breathing_problem_ongoing",-13.4455321323263,0,-0.230352110307311,0,0,TRUE,TRUE,FALSE,FALSE,"Rejected"
"3","nasal_breathing_problem_ongoing",-4.64922320717418,2.11740244573377e-05,-0.0159834026638704,0,0,TRUE,FALSE,FALSE,FALSE,"Rejected"
"4","nasal_breathing_problem_ongoing",-2.53828004178814,0.0272285716006162,0.0385143984701592,0,0,TRUE,FALSE,FALSE,FALSE,"Rejected"
"1","pack_years",NA,NA,0.000826690768186414,0,0,FALSE,FALSE,FALSE,FALSE,"Rejected"
"2","pack_years",-0.0338279993049184,0.306176087440003,-0.00126808483794358,0,0,FALSE,FALSE,FALSE,FALSE,"Rejected"
"3","pack_years",0.0140509034415991,0.599114157214202,0.00222573756687972,0,0,FALSE,FALSE,FALSE,FALSE,"Rejected"
"4","pack_years",-0.0260307834524548,0.430172342667042,-0.00178434349712255,0,0,FALSE,FALSE,FALSE,FALSE,"Rejected"
"1","pharyngeal.carcinoma.surgery",NA,NA,0.661180393573227,0.0292517768758082,1.02813119335364,FALSE,TRUE,TRUE,TRUE,"Rejected"
"2","pharyngeal.carcinoma.surgery",-7.43872406147744,0,-0.277407544027643,0,0,TRUE,TRUE,FALSE,FALSE,"Rejected"
"3","pharyngeal.carcinoma.surgery",-3.20189578776746,0,-0.179527821259259,0,0,TRUE,TRUE,FALSE,FALSE,"Rejected"
"4","pharyngeal.carcinoma.surgery",-3.23595958967344,0,-0.204245028286325,0,0,TRUE,TRUE,FALSE,FALSE,"Rejected"
"1","reduced_smell_and_taste_ability_what_Riechen",NA,NA,0.00785831798596373,0,0,FALSE,FALSE,FALSE,FALSE,"Rejected"
"2","reduced_smell_and_taste_ability_what_Riechen",-0.386523903836562,0.653030181889091,-0.0101870264392147,0,0,FALSE,FALSE,FALSE,FALSE,"Rejected"
"3","reduced_smell_and_taste_ability_what_Riechen",-0.300000889696219,0.687331037684934,0.0284424336283292,0,0,FALSE,FALSE,FALSE,FALSE,"Rejected"
"4","reduced_smell_and_taste_ability_what_Riechen",-0.110009801571389,0.885041200175303,-0.0261137251750782,0,0,FALSE,FALSE,FALSE,FALSE,"Rejected"
"1","reduced_smell_and_taste_ability_what_Riechen..Schmecken",NA,NA,0.68153946593031,0.506155240574527,1.08912896681892,FALSE,TRUE,TRUE,TRUE,"Rejected"
"2","reduced_smell_and_taste_ability_what_Riechen..Schmecken",-15.7298249287823,0,-0.212792098230818,0,0,TRUE,TRUE,FALSE,FALSE,"Rejected"
"3","reduced_smell_and_taste_ability_what_Riechen..Schmecken",-15.4650322469813,0,-0.233190162784587,0,0,TRUE,TRUE,FALSE,FALSE,"Rejected"
"4","reduced_smell_and_taste_ability_what_Riechen..Schmecken",-14.7833087314017,0,-0.235557204914906,0,0,TRUE,TRUE,FALSE,FALSE,"Rejected"
"1","reduced_smell_and_taste_ability_what_Riechen..feiner.Geschmack",NA,NA,0.0969629699431001,0,0,FALSE,TRUE,FALSE,FALSE,"Rejected"
"2","reduced_smell_and_taste_ability_what_Riechen..feiner.Geschmack",-0.820671906100045,0.458121737080625,0.0189981733947016,0,0,FALSE,FALSE,FALSE,FALSE,"Rejected"
"3","reduced_smell_and_taste_ability_what_Riechen..feiner.Geschmack",-1.22028644292699,0.209807597273997,-0.00721142465911246,0,0,FALSE,FALSE,FALSE,FALSE,"Rejected"
"4","reduced_smell_and_taste_ability_what_Riechen..feiner.Geschmack",-2.90268647459579,0.019197049523251,-0.108749718678689,0,-0.103133904294617,TRUE,TRUE,FALSE,TRUE,"Rejected"
"1","reduced_smell_and_taste_ability_what_Riechen..feiner.Geschmack..Schmecken",NA,NA,-0.0820425105468115,0,0,FALSE,TRUE,FALSE,FALSE,"Rejected"
"2","reduced_smell_and_taste_ability_what_Riechen..feiner.Geschmack..Schmecken",-3.56906976769385,0,-0.189316491306247,0,0,TRUE,TRUE,FALSE,FALSE,"Rejected"
"3","reduced_smell_and_taste_ability_what_Riechen..feiner.Geschmack..Schmecken",4.30164652735105,0.000279970467153889,0.185813965512214,0,0,TRUE,TRUE,FALSE,FALSE,"Rejected"
"4","reduced_smell_and_taste_ability_what_Riechen..feiner.Geschmack..Schmecken",5.15484558516491,1.05455371821606e-05,0.0855450363408446,0,0,TRUE,TRUE,FALSE,FALSE,"Rejected"
"1","reduced_smell_and_taste_ability_what_Schmecken",NA,NA,0.00693558923728716,0,0,FALSE,FALSE,FALSE,FALSE,"Rejected"
"2","reduced_smell_and_taste_ability_what_Schmecken",-6.39559045035973,0,-0.111434106305424,0,0,TRUE,TRUE,FALSE,FALSE,"Rejected"
"3","reduced_smell_and_taste_ability_what_Schmecken",-0.49134368241493,0.769306415724543,-0.0859223880976511,0,0,FALSE,TRUE,FALSE,FALSE,"Rejected"
"4","reduced_smell_and_taste_ability_what_Schmecken",1.01239114863794,0.471134672128332,0.190420905165788,0,0,FALSE,TRUE,FALSE,FALSE,"Rejected"
"1","reduced_smell_and_taste_ability_what_Unknwon",NA,NA,0.472465501390215,0,0,FALSE,TRUE,FALSE,FALSE,"Rejected"
"2","reduced_smell_and_taste_ability_what_Unknwon",NA,NA,-0.150800241163453,0,0,FALSE,TRUE,FALSE,FALSE,"Rejected"
"3","reduced_smell_and_taste_ability_what_Unknwon",NA,NA,-0.192899327636125,0,0,FALSE,TRUE,FALSE,FALSE,"Rejected"
"4","reduced_smell_and_taste_ability_what_Unknwon",NA,NA,-0.128765932590636,0,0,FALSE,TRUE,FALSE,FALSE,"Rejected"
"1","reduced_smell_and_taste_ability_what_feiner.Geschmack",NA,NA,-0.022912562397531,0,0,FALSE,FALSE,FALSE,FALSE,"Rejected"
"2","reduced_smell_and_taste_ability_what_feiner.Geschmack",-0.203640771493734,0.816172457273309,-0.0535215888973996,0,0,FALSE,TRUE,FALSE,FALSE,"Rejected"
"3","reduced_smell_and_taste_ability_what_feiner.Geschmack",-0.326952704905642,0.666547812565086,-0.0305093717396712,0,0,FALSE,FALSE,FALSE,FALSE,"Rejected"
"4","reduced_smell_and_taste_ability_what_feiner.Geschmack",0.722244870952029,0.295578361008161,0.106943523034602,0,0,FALSE,TRUE,FALSE,FALSE,"Rejected"
"1","reduced_smell_and_taste_ability_what_feiner.Geschmack..Schmecken",NA,NA,0.566586978027869,0,0,FALSE,TRUE,FALSE,FALSE,"Rejected"
"2","reduced_smell_and_taste_ability_what_feiner.Geschmack..Schmecken",-2.46797655710053,0,-0.166876096605172,0,0,TRUE,TRUE,FALSE,FALSE,"Rejected"
"3","reduced_smell_and_taste_ability_what_feiner.Geschmack..Schmecken",-5.83465368319743,0,-0.236526038512854,0,0,TRUE,TRUE,FALSE,FALSE,"Rejected"
"4","reduced_smell_and_taste_ability_what_feiner.Geschmack..Schmecken",-2.85895619363409,0,-0.163184842909843,0,0,TRUE,TRUE,FALSE,FALSE,"Rejected"
"1","reduced_smell_and_taste_ability_what_n",NA,NA,-0.0389404266162533,0,0,FALSE,FALSE,FALSE,FALSE,"Rejected"
"2","reduced_smell_and_taste_ability_what_n",NA,NA,0.0333992128367233,0,0,FALSE,FALSE,FALSE,FALSE,"Rejected"
"3","reduced_smell_and_taste_ability_what_n",NA,NA,0.00177325747830471,0,0,FALSE,FALSE,FALSE,FALSE,"Rejected"
"4","reduced_smell_and_taste_ability_what_n",NA,NA,0.00376795630122531,0,0,FALSE,FALSE,FALSE,FALSE,"Rejected"
"1","septoplasty",NA,NA,0.028115840624302,0,0,FALSE,FALSE,FALSE,FALSE,"Rejected"
"2","septoplasty",0.951174888996751,0.24469600296769,0.00921814702237459,0,0,FALSE,FALSE,FALSE,FALSE,"Rejected"
"3","septoplasty",0.385697239735007,0.648774798384231,-0.0187959094306619,0,0,FALSE,FALSE,FALSE,FALSE,"Rejected"
"4","septoplasty",0.103898433045874,0.896596189610835,-0.0185380782160146,0,0,FALSE,FALSE,FALSE,FALSE,"Rejected"
"1","smoker_type_current",NA,NA,-0.000610230515128803,0,0,FALSE,FALSE,FALSE,FALSE,"Rejected"
"2","smoker_type_current",NA,NA,-0.017381140915359,0,0,FALSE,FALSE,FALSE,FALSE,"Rejected"
"3","smoker_type_current",NA,NA,0.00461002801946986,0,0,FALSE,FALSE,FALSE,FALSE,"Rejected"
"4","smoker_type_current",NA,NA,0.0133813434110179,0,0,FALSE,FALSE,FALSE,FALSE,"Rejected"
"1","smoker_type_former",NA,NA,0.018398066817753,0,0,FALSE,FALSE,FALSE,FALSE,"Rejected"
"2","smoker_type_former",NA,NA,0.00246043588495422,0,0,FALSE,FALSE,FALSE,FALSE,"Rejected"
"3","smoker_type_former",NA,NA,0.00967502018900009,0,0,FALSE,FALSE,FALSE,FALSE,"Rejected"
"4","smoker_type_former",NA,NA,-0.0305335228917073,0,0,FALSE,FALSE,FALSE,FALSE,"Rejected"
"1","smoking_temporal_category",NA,NA,0.00161596029202897,0,0,FALSE,FALSE,FALSE,FALSE,"Rejected"
"2","smoking_temporal_category",NA,NA,-0.00397574910783503,0,0,FALSE,FALSE,FALSE,FALSE,"Rejected"
"3","smoking_temporal_category",NA,NA,0.0034332722151332,0,0,FALSE,FALSE,FALSE,FALSE,"Rejected"
"4","smoking_temporal_category",NA,NA,-0.00107348339932715,0,0,FALSE,FALSE,FALSE,FALSE,"Rejected"
"1","turbinate.surgery",NA,NA,-0.139117285215935,0,0,FALSE,TRUE,FALSE,FALSE,"Confirmed"
"2","turbinate.surgery",-2.77564859787662,0,-0.065328474172857,0,0,TRUE,TRUE,FALSE,FALSE,"Confirmed"
"3","turbinate.surgery",-7.20201357146887,0,-0.223922888289285,0,0,TRUE,TRUE,FALSE,FALSE,"Confirmed"
"4","turbinate.surgery",3.90299190713048,0.00348050335999073,0.428368647678078,0.462499770976875,0.812697271387545,TRUE,TRUE,TRUE,TRUE,"Confirmed"
