"outcome","variable","glm_estimate","glm_p","ridge_coef","lasso_coef","elastic_coef","ridge_selected","lasso_selected","elastic_selected","Boruta"
"Lateralization (x/20)","ADHD",-7.01056786483621,0.0509948269320882,-1.78661645665209,-2.46251101927876,0,TRUE,TRUE,FALSE,"Rejected"
"Lateralization (x/20)","Achalasia",0.298622136025268,0.94787947577131,0.522544204065249,0,0,TRUE,FALSE,FALSE,"Rejected"
"Lateralization (x/20)","Acoustic.trauma",2.09680850093066,0.526350108090124,0.648062660476942,0,0,TRUE,FALSE,FALSE,"Rejected"
"Lateralization (x/20)","Adenotomy",-0.371585643371044,0.493428034587415,-0.11348114335156,0,0,TRUE,FALSE,FALSE,"Rejected"
"Lateralization (x/20)","Age",-0.0142039424371271,0.0925918735814994,-0.00399271893830204,-0.00837630288610743,-0.00239042179045206,FALSE,TRUE,TRUE,"Rejected"
"Lateralization (x/20)","Allergic.asthma",-2.86301883651671,0.162516191694153,-0.596065265718176,0,0,TRUE,FALSE,FALSE,"Rejected"
"Lateralization (x/20)","Allergic.problems",-0.552050671958012,0.357566011011887,-0.138679301133478,-0.11109530773703,0,TRUE,TRUE,FALSE,"Rejected"
"Lateralization (x/20)","Allergic.rhinitis..hay.fever.",-2.30303933110501,0.472482514517361,-0.796286345160759,0,0,TRUE,FALSE,FALSE,"Rejected"
"Lateralization (x/20)","Ankylosing.spondylitis",3.8839376623628,0.246025535277517,0.910885534835472,0,0,TRUE,FALSE,FALSE,"Rejected"
"Lateralization (x/20)","Arterial.hypertension",-5.82913539195834,0.0711648000062995,-1.38564725548331,-0.607449746782332,0,TRUE,TRUE,FALSE,"Rejected"
"Lateralization (x/20)","Arteriosclerosis",NA,NA,0,0,0,FALSE,FALSE,FALSE,"Rejected"
"Lateralization (x/20)","Asperger.s.syndrome",-0.37649461927107,0.923333408350682,0.165126161372797,0,0,TRUE,FALSE,FALSE,"Rejected"
"Lateralization (x/20)","Asthma",0.129702708662325,0.919988606057961,-0.0667282889293484,0,0,TRUE,FALSE,FALSE,"Rejected"
"Lateralization (x/20)","Asthma.with.hay.fever",NA,NA,0,0,0,FALSE,FALSE,FALSE,"Rejected"
"Lateralization (x/20)","Atopic.dermatitis",-0.879940026409802,0.629286387975209,-0.497742923978285,-0.094405780433284,0,TRUE,TRUE,FALSE,"Rejected"
"Lateralization (x/20)","Blood.pressure.fluctuations",NA,NA,-0.61134280325141,0,0,TRUE,FALSE,FALSE,"Rejected"
"Lateralization (x/20)","Brain.tumor",5.51716625648253,0.134816390021091,1.21032365769002,0,0,TRUE,FALSE,FALSE,"Rejected"
"Lateralization (x/20)","Bronchial.asthma",-2.02475083421466,0.447794928189291,-0.464012832790506,0,0,TRUE,FALSE,FALSE,"Rejected"
"Lateralization (x/20)","COPD",5.49436526632792,0.189507661396393,0.527355146843269,0,0,TRUE,FALSE,FALSE,"Rejected"
"Lateralization (x/20)","Caldwell.Luc.procedure",-7.50818727072665,0.0277435659194294,-1.24244877765191,-1.18178139776184,0,TRUE,TRUE,FALSE,"Rejected"
"Lateralization (x/20)","Cancer",-4.50036663884994,0.479778763169477,0.49700178164289,0,0,TRUE,FALSE,FALSE,"Rejected"
"Lateralization (x/20)","Cardiac.arrhythmia",-4.47879846537353,0.184881383249024,-0.897169568757874,0,0,TRUE,FALSE,FALSE,"Rejected"
"Lateralization (x/20)","Cat.allergy",NA,NA,-0.842544926656587,0,0,TRUE,FALSE,FALSE,"Rejected"
"Lateralization (x/20)","Cat.hair.allergy",NA,NA,-0.9577418353875,0,0,TRUE,FALSE,FALSE,"Rejected"
"Lateralization (x/20)","Celiac.disease",3.43208446868525,0.333916355432792,1.04729315731279,0,0,TRUE,FALSE,FALSE,"Rejected"
"Lateralization (x/20)","Cerebellar.ataxia",8.28754864744634,0.0390365958801926,1.22360630009908,0,0,TRUE,FALSE,FALSE,"Rejected"
"Lateralization (x/20)","Childhood.asthma",1.76083534139719,0.597366224826691,0.636619795319256,0,0,TRUE,FALSE,FALSE,"Rejected"
"Lateralization (x/20)","Childhood.bronchial.asthma",NA,NA,0,0,0,FALSE,FALSE,FALSE,"Rejected"
"Lateralization (x/20)","Chronic.bronchitis",-0.555605175951914,0.867338045526544,-0.092274817239594,0,0,TRUE,FALSE,FALSE,"Rejected"
"Lateralization (x/20)","Chronic.inflammation.of.right.shoulder",-4.77370776341244,0.148528599183253,-1.1258999584492,0,0,TRUE,FALSE,FALSE,"Rejected"
"Lateralization (x/20)","Chronic.neuroborreliosis",4.65186332595282,0.222549542722326,0.816157752571335,0,0,TRUE,FALSE,FALSE,"Rejected"
"Lateralization (x/20)","Chronic.pain.disorder",-8.59583866231273,0.120632262200595,-0.34339270180431,0,0,TRUE,FALSE,FALSE,"Rejected"
"Lateralization (x/20)","Chronic.sinusitis",2.14458398722946,0.0303311790664733,0.212882546022589,0,0,TRUE,FALSE,FALSE,"Rejected"
"Lateralization (x/20)","Circulatory.problems",-5.21535803474341,0.22315213219129,-0.611180594351092,0,0,TRUE,FALSE,FALSE,"Rejected"
"Lateralization (x/20)","Congenital.asthma",2.74560286013685,0.259016852330788,0.69195574787893,0,0,TRUE,FALSE,FALSE,"Rejected"
"Lateralization (x/20)","Congenital.atopic.dermatitis",-7.15216233559199,0.0434131316208816,-1.11036663484114,0,0,TRUE,FALSE,FALSE,"Rejected"
"Lateralization (x/20)","Congenital.hypothyroidism",2.77905968517098,0.391433612714909,0.789771376259612,0,0,TRUE,FALSE,FALSE,"Rejected"
"Lateralization (x/20)","Coronary.heart.disease",-0.230780179233018,0.94666355307112,-0.329821289874386,0,0,TRUE,FALSE,FALSE,"Rejected"
"Lateralization (x/20)","Crohn.s.disease",0.771104505760981,0.734475467129512,0.616363077460806,0,0,TRUE,FALSE,FALSE,"Rejected"
"Lateralization (x/20)","Current.smell.ability",0.0204938607911921,0.0278399774522182,0.00129175748218736,0,0,FALSE,FALSE,FALSE,"Rejected"
"Lateralization (x/20)","Dementia..onset.",-0.159260118409255,0.968168865272342,0.0640148608802251,0,0,TRUE,FALSE,FALSE,"Rejected"
"Lateralization (x/20)","Depression",-1.39165684612702,0.477978798550987,0.169775181825887,0,0,TRUE,FALSE,FALSE,"Rejected"
"Lateralization (x/20)","Diabetes.mellitus..generic.",0.021080561606595,0.989526325075079,-0.11419497072546,0,0,TRUE,FALSE,FALSE,"Rejected"
"Lateralization (x/20)","Diabetes.mellitus.type.I",1.1471836594351,0.687523684126971,0.389697828760891,0,0,TRUE,FALSE,FALSE,"Rejected"
"Lateralization (x/20)","Diabetes.mellitus.type.II",-0.880922345780482,0.404278694566297,-0.194045664211421,0,0,TRUE,FALSE,FALSE,"Rejected"
"Lateralization (x/20)","Diabetes.under.investigation",-3.85114050064163,0.258110181496291,-0.82437601329207,0,0,TRUE,FALSE,FALSE,"Rejected"
"Lateralization (x/20)","Dissociation",-1.03052062276051,0.827780492067874,0.678327851651238,0,0,TRUE,FALSE,FALSE,"Rejected"
"Lateralization (x/20)","Do.you.drink.alcohol.",0.241637267976591,0.324666655658182,0.05020704064657,0,0,TRUE,FALSE,FALSE,"Rejected"
"Lateralization (x/20)","Do.you.smoke.",0.577258742326693,0.18522638458234,0.0791612152454409,0,0,TRUE,FALSE,FALSE,"Confirmed"
"Lateralization (x/20)","Ear.implant",3.12321333813926,0.479698146884852,0.51353051383054,0,0,TRUE,FALSE,FALSE,"Rejected"
"Lateralization (x/20)","Epilepsy",-3.21018167339809,0.192623911913943,-0.270678739443608,0,0,TRUE,FALSE,FALSE,"Rejected"
"Lateralization (x/20)","Essential.hypertension",NA,NA,0,0,0,FALSE,FALSE,FALSE,"Rejected"
"Lateralization (x/20)","Factor.V.Leiden.mutation",-1.36263101504827,0.790660219777432,-0.361817434585861,0,0,TRUE,FALSE,FALSE,"Rejected"
"Lateralization (x/20)","Fenestration",2.08896427746434,0.539925792300968,0.226958490518838,0,0,TRUE,FALSE,FALSE,"Rejected"
"Lateralization (x/20)","Fibromyalgia",2.31089416333809,0.527669231569663,0.87341008989958,0,0,TRUE,FALSE,FALSE,"Rejected"
"Lateralization (x/20)","Food.allergies",-0.659965300950362,0.864190499959394,-0.604755787257561,0,0,TRUE,FALSE,FALSE,"Rejected"
"Lateralization (x/20)","Gender_NA",NA,NA,0.125997571660341,0,0,TRUE,FALSE,FALSE,"Rejected"
"Lateralization (x/20)","Gender_d",1.28276693155544,0.470446677616023,0.540885365815777,0,0,TRUE,FALSE,FALSE,"Rejected"
"Lateralization (x/20)","Gender_m",NA,NA,-0.0854933566097827,-0.139971702400761,0,TRUE,TRUE,FALSE,"Rejected"
"Lateralization (x/20)","Gender_w",0.371253909004668,0.303255244202172,0.0724750141651677,0,0,TRUE,FALSE,FALSE,"Rejected"
"Lateralization (x/20)","Glaucoma",NA,NA,0,0,0,FALSE,FALSE,FALSE,"Rejected"
"Lateralization (x/20)","Granulomatosis.with.polyangiitis",0.310145763956051,0.927128767957348,-0.0538337032722012,0,0,TRUE,FALSE,FALSE,"Rejected"
"Lateralization (x/20)","Graves..disease",-0.932720143447053,0.774262658028587,-0.23733953891238,0,0,TRUE,FALSE,FALSE,"Rejected"
"Lateralization (x/20)","Has.facial.pain",0.591373393089159,0.473278767576905,0.110604284195386,0,0,TRUE,FALSE,FALSE,"Tentative"
"Lateralization (x/20)","Has.migraine.changed.over.the.last.10.years",0.0730293477508833,0.81959248939484,0.0237504776202171,0,0,FALSE,FALSE,FALSE,"Rejected"
"Lateralization (x/20)","Hashimoto.s.thyroiditis",-1.58872773489022,0.372582105793044,-0.116287081725674,0,0,TRUE,FALSE,FALSE,"Rejected"
"Lateralization (x/20)","Have.you.ever.smoked.",0.214986086957381,0.602221595411164,0.0359662851191436,0,0,FALSE,FALSE,FALSE,"Rejected"
"Lateralization (x/20)","Have.you.had.COVID.19.",1.9067952365508,0.00641164401964234,0.115550287506878,0.0300827912488809,0,TRUE,TRUE,FALSE,"Rejected"
"Lateralization (x/20)","Hay.fever",-0.376935504355785,0.869562582805802,-0.391330215658215,0,0,TRUE,FALSE,FALSE,"Rejected"
"Lateralization (x/20)","Head.tumor",NA,NA,0,0,0,FALSE,FALSE,FALSE,"Rejected"
"Lateralization (x/20)","Heart.failure",-2.07487455395909,0.681660459174131,-0.781674895516715,0,0,TRUE,FALSE,FALSE,"Rejected"
"Lateralization (x/20)","Heart.valve.insufficiency..left.",-2.24877093054363,0.485795734658027,-0.611237832915973,0,0,TRUE,FALSE,FALSE,"Rejected"
"Lateralization (x/20)","Height",0.000686988831598473,0.971736961198651,-0.00119733872359234,0,0,FALSE,FALSE,FALSE,"Rejected"
"Lateralization (x/20)","Histamine.intolerance",5.35942919149471,0.124415278014009,0.482842660125467,0,0,TRUE,FALSE,FALSE,"Rejected"
"Lateralization (x/20)","House.dust.allergy",-3.80328512755247,0.23126543990199,-0.842525154784944,0,0,TRUE,FALSE,FALSE,"Rejected"
"Lateralization (x/20)","House.dust.mite.allergy",-0.219258208233856,0.957350368304679,0.0350720089612494,0,0,FALSE,FALSE,FALSE,"Rejected"
"Lateralization (x/20)","How.has.the.problem.changed",NA,NA,0.00177284321285991,0,0,FALSE,FALSE,FALSE,"Rejected"
"Lateralization (x/20)","How.many.times.have.you.had.COVID.19.",0.00195827972603765,0.992441527532768,0.0299980847683358,0,0,FALSE,FALSE,FALSE,"Rejected"
"Lateralization (x/20)","How.often.do.you.have.migraine.per.month",-0.200788645613915,0.714974377776488,0.0913617200285139,0,0,TRUE,FALSE,FALSE,"Rejected"
"Lateralization (x/20)","Hypercholesterolemia",-0.413624056796668,0.899515262609457,-0.273415269337318,0,0,TRUE,FALSE,FALSE,"Rejected"
"Lateralization (x/20)","Hypertension",0.147289713450161,0.810381219185919,-0.0732488651173141,0,0,TRUE,FALSE,FALSE,"Rejected"
"Lateralization (x/20)","Hypertension..variant.term.",-1.22285059473692,0.733889604383486,-0.365718862849882,0,0,TRUE,FALSE,FALSE,"Rejected"
"Lateralization (x/20)","Hypothyroidism",1.80143648444044,0.0976018504665712,0.373972269938615,0.319323019014715,0,TRUE,TRUE,FALSE,"Rejected"
"Lateralization (x/20)","Hypothyroidism..treated.after.thyroidectomy.",-0.687213899390987,0.834342170338547,-0.0919661691818888,0,0,TRUE,FALSE,FALSE,"Rejected"
"Lateralization (x/20)","If.yes..how.did.the.problem.start",0.222871076812248,0.389490731358641,0.00346758146327304,0,0,FALSE,FALSE,FALSE,"Rejected"
"Lateralization (x/20)","Insulin.resistance..diabetes.type.II.",-3.59189272069399,0.359914183922863,0.185544218434099,0,0,TRUE,FALSE,FALSE,"Rejected"
"Lateralization (x/20)","Is.or.was.there.smell.reduction.after.COVID.19.",-0.731000425305166,0.256267256612354,-0.0164005629387031,0,0,FALSE,FALSE,FALSE,"Rejected"
"Lateralization (x/20)","Jaw.cyst.removal",-2.96257183087755,0.373373031115448,-0.765138106025618,0,0,TRUE,FALSE,FALSE,"Rejected"
"Lateralization (x/20)","Kidney.congestion",-0.278653204654766,0.931127188812899,-0.101944112344552,0,0,TRUE,FALSE,FALSE,"Rejected"
"Lateralization (x/20)","Kidney.insufficiency",-2.38916335268255,0.460299594773693,-0.541908247133067,0,0,TRUE,FALSE,FALSE,"Rejected"
"Lateralization (x/20)","Kidney.stones",NA,NA,0,0,0,FALSE,FALSE,FALSE,"Rejected"
"Lateralization (x/20)","Kidney.stones..suspected.",5.06928470985762,0.139104007968183,1.3042753100353,0.544881650878592,0,TRUE,TRUE,FALSE,"Rejected"
"Lateralization (x/20)","Kidney.surgery",-4.23980250275722,0.245062067253962,-0.99598662581553,0,0,TRUE,FALSE,FALSE,"Rejected"
"Lateralization (x/20)","Kidney.transplant..status.post.",2.5278306960881,0.437560553005402,0.663809251218811,0,0,TRUE,FALSE,FALSE,"Rejected"
"Lateralization (x/20)","M..Hodgkin",NA,NA,0,0,0,FALSE,FALSE,FALSE,"Rejected"
"Lateralization (x/20)","Malleus.replacement..middle.ear.",4.09181282951973,0.203523568031772,0.923059365133066,0,0,TRUE,FALSE,FALSE,"Rejected"
"Lateralization (x/20)","Medical.consultation.for.nasal.breathing.problems",0.0729521115041987,0.965343812756085,-0.040757623211576,0,0,FALSE,FALSE,FALSE,"Rejected"
"Lateralization (x/20)","Middle.ear.surgery",NA,NA,0,0,0,FALSE,FALSE,FALSE,"Rejected"
"Lateralization (x/20)","Migraine",1.44301376717342,0.138371075890496,0.236705096045919,0.510437876269946,0.176460079926019,TRUE,TRUE,TRUE,"Confirmed"
"Lateralization (x/20)","Mitochondriopathy",0.102159383984972,0.983618626119484,-0.517488341901383,0,0,TRUE,FALSE,FALSE,"Rejected"
"Lateralization (x/20)","Monoclonal.gammopathy.of.undetermined.significance",NA,NA,-0.365607809617681,0,0,TRUE,FALSE,FALSE,"Rejected"
"Lateralization (x/20)","Multiple.sclerosis",-4.22434654137697,0.138899626917939,-0.840462789804706,0,0,TRUE,FALSE,FALSE,"Rejected"
"Lateralization (x/20)","Myasthenia.gravis",NA,NA,0,0,0,FALSE,FALSE,FALSE,"Rejected"
"Lateralization (x/20)","Nasal.airflow..both.nostrils.",-0.0151145078788451,0.375345864434995,-0.000239273640828786,0,0,FALSE,FALSE,FALSE,"Rejected"
"Lateralization (x/20)","Nasal.airflow..left.nostril.",0.00719543690415574,0.508325189280536,5.55776941791679e-06,0,0,FALSE,FALSE,FALSE,"Rejected"
"Lateralization (x/20)","Nasal.airflow..right.nostril.",0.00858489711170167,0.408021790389642,0.000235803620599225,0,0,FALSE,FALSE,FALSE,"Rejected"
"Lateralization (x/20)","Nasal.fracture.surgery",-4.23508557064013,0.025098620123987,-0.967801602796488,-0.996096065515213,0,TRUE,TRUE,FALSE,"Confirmed"
"Lateralization (x/20)","Nasal.mucosa.surgery",1.49559448225099,0.536689355638272,0.51257397403888,0,0,TRUE,FALSE,FALSE,"Rejected"
"Lateralization (x/20)","Nasal_breathing_therapy_Acetylcysteine",-0.696024654450557,0.829102048347378,-0.197575121616097,0,0,TRUE,FALSE,FALSE,"Rejected"
"Lateralization (x/20)","Nasal_breathing_therapy_Acupuncture",-0.171698060772203,0.95849030428601,-0.0688769211785558,0,0,TRUE,FALSE,FALSE,"Rejected"
"Lateralization (x/20)","Nasal_breathing_therapy_Antiallergics",2.38359802647228,0.349070601165148,0.868610757276008,0,0,TRUE,FALSE,FALSE,"Rejected"
"Lateralization (x/20)","Nasal_breathing_therapy_Antibiotics",-1.79568283690068,0.350678304567637,-0.463598417931409,0,0,TRUE,FALSE,FALSE,"Rejected"
"Lateralization (x/20)","Nasal_breathing_therapy_Asthma.diagnostics",NA,NA,0.724638399200836,0,0,TRUE,FALSE,FALSE,"Rejected"
"Lateralization (x/20)","Nasal_breathing_therapy_Asthma.rescue.spray",-1.11626962284742,0.731160873741813,-0.138509652725062,0,0,TRUE,FALSE,FALSE,"Rejected"
"Lateralization (x/20)","Nasal_breathing_therapy_Corticoid.inhalation",NA,NA,-1.24238970474031,-4.32192958326368e-07,0,TRUE,TRUE,FALSE,"Rejected"
"Lateralization (x/20)","Nasal_breathing_therapy_Cortisone.spray",-1.69551201870959,0.117513036842518,-0.0603911580073921,0,0,TRUE,FALSE,FALSE,"Rejected"
"Lateralization (x/20)","Nasal_breathing_therapy_Doprident..medication.",NA,NA,0,0,0,FALSE,FALSE,FALSE,"Rejected"
"Lateralization (x/20)","Nasal_breathing_therapy_Hyposensitization",0.997090735320866,0.654674356514345,0.179793857801883,0,0,TRUE,FALSE,FALSE,"Rejected"
"Lateralization (x/20)","Nasal_breathing_therapy_Nasal.mucosa.surgery",-2.87904337987393,0.420864125144878,-0.253300038661957,0,0,TRUE,FALSE,FALSE,"Rejected"
"Lateralization (x/20)","Nasal_breathing_therapy_No.therapy",0.18033337899516,0.760900177837709,0.0499394491982923,0,0,FALSE,FALSE,FALSE,"Rejected"
"Lateralization (x/20)","Nasal_breathing_therapy_Obstructive.Sleep.Apnea.Syndrome",NA,NA,0.0170161462662991,0,0,FALSE,FALSE,FALSE,"Rejected"
"Lateralization (x/20)","Nasal_breathing_therapy_Ointment",-2.78944712892253,0.41958468355392,-0.276271128669114,0,0,TRUE,FALSE,FALSE,"Rejected"
"Lateralization (x/20)","Nasal_breathing_therapy_Operation",NA,NA,0.483129727556488,0,0,TRUE,FALSE,FALSE,"Rejected"
"Lateralization (x/20)","Nasal_breathing_therapy_Operation.planned",-0.0138299064599678,0.996655678252061,-0.0983849852582453,0,0,TRUE,FALSE,FALSE,"Rejected"
"Lateralization (x/20)","Nasal_breathing_therapy_Radio.wave.therapy",NA,NA,0.0226372255785424,0,0,FALSE,FALSE,FALSE,"Rejected"
"Lateralization (x/20)","Nasal_breathing_therapy_Red.light.therapy",1.53179754575566,0.638348147668386,0.339987819867637,0,0,TRUE,FALSE,FALSE,"Rejected"
"Lateralization (x/20)","Nasal_breathing_therapy_Regular.checkups",NA,NA,0,0,0,FALSE,FALSE,FALSE,"Rejected"
"Lateralization (x/20)","Nasal_breathing_therapy_Sea.salt.inhalation",-5.29281313722431,0.115783331562091,-0.853488193827362,0,0,TRUE,FALSE,FALSE,"Rejected"
"Lateralization (x/20)","Nasal_breathing_therapy_Sinus.surgery",-0.693648958618516,0.788016080590039,-0.263368232829063,0,0,TRUE,FALSE,FALSE,"Rejected"
"Lateralization (x/20)","Nasal_breathing_therapy_Sinusitis",1.40260130278236,0.713454191747927,0.552261124520684,0,0,TRUE,FALSE,FALSE,"Rejected"
"Lateralization (x/20)","Nasal_breathing_therapy_Tympanic.membrane.surgery",-2.68340556354838,0.440055235070648,-0.429989975966532,0,0,TRUE,FALSE,FALSE,"Rejected"
"Lateralization (x/20)","Nasal_breathing_therapy_Unspecified",3.32723906484275,0.125806535017031,0.881995851900744,0.802629821900078,0,TRUE,TRUE,FALSE,"Tentative"
"Lateralization (x/20)","Nasal_breathing_therapy_Unspecified.surgery.for.nasal.breathing.problems",NA,NA,-0.251074081196569,-0.00541929544828945,0,TRUE,TRUE,FALSE,"Rejected"
"Lateralization (x/20)","Nasal_breathing_therapy_septoplasty",-2.4579007200634,0.13294131595733,-0.356404370590373,0,0,TRUE,FALSE,FALSE,"Rejected"
"Lateralization (x/20)","Nasal_breathing_therapy_turbinate.surgery",-1.59377744928014,0.548435971049025,-0.352336531135124,0,0,TRUE,FALSE,FALSE,"Rejected"
"Lateralization (x/20)","Nasal_breathing_therapy_turbinoplasty",1.15331752814314,0.671614085847281,0.418645091322925,0,0,TRUE,FALSE,FALSE,"Rejected"
"Lateralization (x/20)","Neck.carcinoma.surgery",-2.9519886924129,0.404528221909094,-0.625949016930634,0,0,TRUE,FALSE,FALSE,"Rejected"
"Lateralization (x/20)","Neck.surgery",4.6992682263928,0.100495250854249,0.902473847412157,0.171618637731039,0,TRUE,TRUE,FALSE,"Rejected"
"Lateralization (x/20)","Neck.trauma.surgery",4.52783736551206,0.379874564391917,0.512641119737565,0,0,TRUE,FALSE,FALSE,"Rejected"
"Lateralization (x/20)","Neurological.disorder",0.811655316779898,0.579272109344392,0.0619460385262184,0,0,TRUE,FALSE,FALSE,"Rejected"
"Lateralization (x/20)","Obsessive.compulsive.disorder",NA,NA,0.678339317232939,0,0,TRUE,FALSE,FALSE,"Rejected"
"Lateralization (x/20)","Odor.identification..x.3.",0.139702956354744,0.556373676833207,0.0258444685646571,0,0,FALSE,FALSE,FALSE,"Rejected"
"Lateralization (x/20)","Operation",NA,NA,0.482977993634297,0,0,TRUE,FALSE,FALSE,"Rejected"
"Lateralization (x/20)","Oral.carcinoma.surgery",3.23078632363524,0.444662640697998,0.815314615795002,0,0,TRUE,FALSE,FALSE,"Rejected"
"Lateralization (x/20)","Osteoarthritis",1.5518886863287,0.66252429030912,0.0791836018435882,0,0,TRUE,FALSE,FALSE,"Rejected"
"Lateralization (x/20)","Osteoporosis",NA,NA,0,0,0,FALSE,FALSE,FALSE,"Rejected"
"Lateralization (x/20)","Otoplasty",-1.95825012651614,0.464706178266654,-0.260780196445063,0,0,TRUE,FALSE,FALSE,"Rejected"
"Lateralization (x/20)","Parotidectomy",-3.24048883440907,0.346675106463688,-1.21647647251802,-0.38396024447776,0,TRUE,TRUE,FALSE,"Rejected"
"Lateralization (x/20)","Partial.kidney.resection.after.tumor",NA,NA,0,0,0,FALSE,FALSE,FALSE,"Rejected"
"Lateralization (x/20)","Pharyngeal.abscess.surgery",0.764914938068434,0.825119070624154,-0.0867038678925513,0,0,TRUE,FALSE,FALSE,"Rejected"
"Lateralization (x/20)","Polycystic.ovary.syndrome",-0.419246685265365,0.904105464901621,0.196161418333326,0,0,TRUE,FALSE,FALSE,"Rejected"
"Lateralization (x/20)","Polyneuropathy",-3.29833179044832,0.252976453457598,-0.17661796929286,0,0,TRUE,FALSE,FALSE,"Rejected"
"Lateralization (x/20)","Poor.kidney.function",0.137135967096954,0.967388730042445,0.0112137816600829,0,0,FALSE,FALSE,FALSE,"Rejected"
"Lateralization (x/20)","Post.traumatic.stress.disorder",4.78899499802685,0.244973160779601,0.457035429993892,0,0,TRUE,FALSE,FALSE,"Rejected"
"Lateralization (x/20)","Post.viral.fatigue.syndrome",4.54965939617371,0.158007257290188,1.12628125305012,0,0,TRUE,FALSE,FALSE,"Rejected"
"Lateralization (x/20)","Primary.biliary.cirrhosis",NA,NA,-0.237345462121553,0,0,TRUE,FALSE,FALSE,"Rejected"
"Lateralization (x/20)","Psoriasis",-1.8391795975331,0.662850905056408,-0.80950354022033,0,0,TRUE,FALSE,FALSE,"Rejected"
"Lateralization (x/20)","Psoriatic.arthritis",2.05240224942466,0.411696918692907,0.36070059592281,0,0,TRUE,FALSE,FALSE,"Rejected"
"Lateralization (x/20)","Radio.wave.therapy",-0.48846641926035,0.877510752181752,0.0226743658182917,0,0,FALSE,FALSE,FALSE,"Rejected"
"Lateralization (x/20)","Raynaud.s.syndrome",3.61130674829246,0.283912199628311,0.724633865652141,0,0,TRUE,FALSE,FALSE,"Rejected"
"Lateralization (x/20)","Reduced.sense.of.smell",NA,NA,-0.36566504848164,0,0,TRUE,FALSE,FALSE,"Rejected"
"Lateralization (x/20)","Rheumatism",0.437567580500991,0.819693577294136,0.205938842367243,0,0,TRUE,FALSE,FALSE,"Rejected"
"Lateralization (x/20)","Rheumatoid.arthritis",0.731090459553421,0.83055540262535,-0.337973917089406,0,0,TRUE,FALSE,FALSE,"Rejected"
"Lateralization (x/20)","Sarcoidosis",1.89850548565588,0.373114194133924,0.485311071498586,0,0,TRUE,FALSE,FALSE,"Rejected"
"Lateralization (x/20)","Scheuermann.s.disease",NA,NA,0,0,0,FALSE,FALSE,FALSE,"Rejected"
"Lateralization (x/20)","Sensitivity.of.the.nose.to.stinging.burning.stimuli",-0.101421344471399,0.536069864863513,-0.0252941644300469,0,0,FALSE,FALSE,FALSE,"Rejected"
"Lateralization (x/20)","Shingles",NA,NA,0,0,0,FALSE,FALSE,FALSE,"Rejected"
"Lateralization (x/20)","Sinus.surgery",-0.107255467496396,0.855583508048973,0.0386533304062958,0,0,FALSE,FALSE,FALSE,"Rejected"
"Lateralization (x/20)","Sinusitis",NA,NA,-0.329649009921211,0,0,TRUE,FALSE,FALSE,"Rejected"
"Lateralization (x/20)","Sleep.apnea",2.43528613404674,0.464934177990991,0.271774772832248,0,0,TRUE,FALSE,FALSE,"Rejected"
"Lateralization (x/20)","Smell.ability.before.COVID.19",NA,NA,0.000453660737981005,0,0,FALSE,FALSE,FALSE,"Rejected"
"Lateralization (x/20)","Smell.ability.immediately.after.COVID.19",-0.0215494505063983,0.00489374324418058,-0.000446380494441335,0,0,FALSE,FALSE,FALSE,"Rejected"
"Lateralization (x/20)","Smell.reduction.1",-0.193661393306197,0.745004615506811,-0.030533120988929,0,0,FALSE,FALSE,FALSE,"Rejected"
"Lateralization (x/20)","Smell.reduction.2",-0.713675959109996,0.270874288135781,-0.0750881878551513,0,0,TRUE,FALSE,FALSE,"Rejected"
"Lateralization (x/20)","Smell.reduction.3",2.35863328245036,0.0661285396998896,0.504514377700868,0.8027218129928,0,TRUE,TRUE,FALSE,"Confirmed"
"Lateralization (x/20)","Soft.tissue.rheumatism",-1.93724511245017,0.547565973143441,-0.562294708714855,0,0,TRUE,FALSE,FALSE,"Rejected"
"Lateralization (x/20)","Spinal.canal.stenosis",NA,NA,0,0,0,FALSE,FALSE,FALSE,"Rejected"
"Lateralization (x/20)","Systemic.lupus.erythematosus",-5.50569268520928,0.0885452802553023,-0.957737286773152,0,0,TRUE,FALSE,FALSE,"Rejected"
"Lateralization (x/20)","Thrombocytosis",1.71017415108695,0.607579990240748,0.625193758726588,0,0,TRUE,FALSE,FALSE,"Rejected"
"Lateralization (x/20)","Thyroid.carcinoma.surgery",2.52136418020867,0.440601601943152,0.641201494971147,0,0,TRUE,FALSE,FALSE,"Rejected"
"Lateralization (x/20)","Thyroid.problems",-0.355381924581255,0.912603691591584,-0.115433514222591,0,0,TRUE,FALSE,FALSE,"Rejected"
"Lateralization (x/20)","Thyroid.surgery",-1.60523300637494,0.644047411633142,0.2749144928047,0,0,TRUE,FALSE,FALSE,"Rejected"
"Lateralization (x/20)","Tinnitus",NA,NA,0.196201689340293,0,0,TRUE,FALSE,FALSE,"Rejected"
"Lateralization (x/20)","Tonsillectomy",0.9165031176885,0.377457317782106,0.241371558517696,0,0,TRUE,FALSE,FALSE,"Rejected"
"Lateralization (x/20)","Tonsillotomy",0.71044231319412,0.204209226773116,0.131973271362452,0,0,TRUE,FALSE,FALSE,"Rejected"
"Lateralization (x/20)","Tympanic.membrane.surgery",2.07148560090568,0.148425123041984,0.408106864083305,0,0,TRUE,FALSE,FALSE,"Rejected"
"Lateralization (x/20)","Tympanostomy.tube.insertion",1.92706732546211,0.299448459455663,0.47384601859699,0,0,TRUE,FALSE,FALSE,"Rejected"
"Lateralization (x/20)","Unpecified_ENT_surgery",-0.795057763159266,0.728164507959205,-0.0398994293476845,0,0,FALSE,FALSE,FALSE,"Rejected"
"Lateralization (x/20)","Unpecified_chronic_disease",1.14176563600365,0.749802809931097,0.352163305506936,0,0,TRUE,FALSE,FALSE,"Rejected"
"Lateralization (x/20)","Unspecified.surgery.for.nasal.breathing.problems",-1.65040305238304,0.137531056687085,-0.251169209581139,-0.345100854033292,0,TRUE,TRUE,FALSE,"Rejected"
"Lateralization (x/20)","Upper.respiratory.infection",0.130184232800963,0.846481600185378,0.0683398086057091,0,0,TRUE,FALSE,FALSE,"Rejected"
"Lateralization (x/20)","Vocal.cord.surgery",-0.489577762927914,0.838670630871986,-0.0761464335376022,0,0,TRUE,FALSE,FALSE,"Rejected"
"Lateralization (x/20)","Weight",-0.000515930295910377,0.956599471015311,-0.00168261858497286,0,0,FALSE,FALSE,FALSE,"Rejected"
"Lateralization (x/20)","covid_temporal_category",0.019970415375453,0.83707187479501,0.000293369328725001,0,0,FALSE,FALSE,FALSE,"Rejected"
"Lateralization (x/20)","facial_pain_burning",0.429239951966455,0.802637340238083,-0.0147971600598456,0,0,FALSE,FALSE,FALSE,"Rejected"
"Lateralization (x/20)","facial_pain_freq_code",-0.558736871012605,0.157819437526484,0.043727476645845,0,0,FALSE,FALSE,FALSE,"Confirmed"
"Lateralization (x/20)","facial_pain_pressing",1.54966093181693,0.267048828680327,0.269204854177254,0.437278297123821,0,TRUE,TRUE,FALSE,"Rejected"
"Lateralization (x/20)","facial_pain_pulling",-0.625922711966363,0.665036594183865,-0.0298509717304749,0,0,FALSE,FALSE,FALSE,"Rejected"
"Lateralization (x/20)","facial_pain_stabbing",3.14838903172382,0.0351353875418215,0.391685187925935,0.281891004813445,0,TRUE,TRUE,FALSE,"Rejected"
"Lateralization (x/20)","has.ENT.surgery",NA,NA,0.0472174154376883,0,0,FALSE,FALSE,FALSE,"Rejected"
"Lateralization (x/20)","has.chronic.disease",-0.0641581246915591,0.918190247255426,-0.0118045497015282,0,0,FALSE,FALSE,FALSE,"Rejected"
"Lateralization (x/20)","mean_cigs",-0.0197462248844853,0.601087328832585,-0.00228544479290753,0,0,FALSE,FALSE,FALSE,"Rejected"
"Lateralization (x/20)","nasal_breathing_problem",NA,NA,-0.0224812320117924,0,0,FALSE,FALSE,FALSE,"Rejected"
"Lateralization (x/20)","nasal_breathing_problem_ongoing",1.6041627039474,0.427220361639254,0.28162783862783,0,0,TRUE,FALSE,FALSE,"Rejected"
"Lateralization (x/20)","pack_years",0.0117407603826935,0.692064625849955,-0.00121493285070586,0,0,FALSE,FALSE,FALSE,"Rejected"
"Lateralization (x/20)","pharyngeal.carcinoma.surgery",-1.84448232187038,0.713558541072301,-0.523995008565865,0,0,TRUE,FALSE,FALSE,"Rejected"
"Lateralization (x/20)","reduced_smell_and_taste_ability_what_Riechen",-0.432258444227737,0.575327376385507,-0.0173171101882866,0,0,FALSE,FALSE,FALSE,"Rejected"
"Lateralization (x/20)","reduced_smell_and_taste_ability_what_Riechen..Schmecken",2.68389326898846,0.294337796200338,0.69250895544928,0,0,TRUE,FALSE,FALSE,"Rejected"
"Lateralization (x/20)","reduced_smell_and_taste_ability_what_Riechen..feiner.Geschmack",-0.380530818779846,0.713232958381009,0.0146344809406219,0,0,FALSE,FALSE,FALSE,"Rejected"
"Lateralization (x/20)","reduced_smell_and_taste_ability_what_Riechen..feiner.Geschmack..Schmecken",-2.49876970731516,0.342694072774177,-0.106455723664349,0,0,TRUE,FALSE,FALSE,"Rejected"
"Lateralization (x/20)","reduced_smell_and_taste_ability_what_Schmecken",-1.09599695313796,0.46469312565107,-0.16127261684382,0,0,TRUE,FALSE,FALSE,"Rejected"
"Lateralization (x/20)","reduced_smell_and_taste_ability_what_Unknwon",NA,NA,0.027157344467024,0,0,FALSE,FALSE,FALSE,"Rejected"
"Lateralization (x/20)","reduced_smell_and_taste_ability_what_feiner.Geschmack",-0.553051967506219,0.470466230534947,-0.0368424039601336,0,0,FALSE,FALSE,FALSE,"Rejected"
"Lateralization (x/20)","reduced_smell_and_taste_ability_what_feiner.Geschmack..Schmecken",3.57676159194423,0.281666276373487,0.962360929681469,0,0,TRUE,FALSE,FALSE,"Rejected"
"Lateralization (x/20)","reduced_smell_and_taste_ability_what_n",NA,NA,0.00913033002230733,0,0,FALSE,FALSE,FALSE,"Rejected"
"Lateralization (x/20)","septoplasty",0.348558547813211,0.678072046933021,-0.0566256625318163,0,0,TRUE,FALSE,FALSE,"Rejected"
"Lateralization (x/20)","smoker_type_current",NA,NA,0.0791201964833649,0,0,TRUE,FALSE,FALSE,"Rejected"
"Lateralization (x/20)","smoker_type_former",NA,NA,-0.0156228841332923,0,0,FALSE,FALSE,FALSE,"Rejected"
"Lateralization (x/20)","smoking_temporal_category",NA,NA,0.0256076637660433,0.0180572765440096,0,FALSE,TRUE,FALSE,"Confirmed"
"Lateralization (x/20)","turbinate.surgery",-1.55467437635645,0.352927127841767,-0.44453349182103,0,0,TRUE,FALSE,FALSE,"Rejected"
"AmmoLa intensity","ADHD",0.408114599126085,0.377484092409212,0.108171622421291,0,0,TRUE,FALSE,FALSE,"Rejected"
"AmmoLa intensity","Achalasia",-0.126769936844307,0.829523920048584,-0.0967213292484481,0,0,TRUE,FALSE,FALSE,"Rejected"
"AmmoLa intensity","Acoustic.trauma",0.0249192688127187,0.953403935919666,0.0144265573129735,0,0,FALSE,FALSE,FALSE,"Rejected"
"AmmoLa intensity","Adenotomy",-0.147321644498923,0.035428555438359,-0.02272879080069,-0.0384456784254829,-0.0355001506768579,FALSE,TRUE,TRUE,"Rejected"
"AmmoLa intensity","Age",0.000913853063111632,0.400737451870821,0.00019848533642095,0,0,FALSE,FALSE,FALSE,"Rejected"
"AmmoLa intensity","Allergic.asthma",0.0324088864056643,0.902293846436832,-0.00478269236281403,0,0,FALSE,FALSE,FALSE,"Rejected"
"AmmoLa intensity","Allergic.problems",0.0524965545692873,0.497190352106154,0.00752378262918441,0,0,FALSE,FALSE,FALSE,"Rejected"
"AmmoLa intensity","Allergic.rhinitis..hay.fever.",0.127560149502097,0.757469622074681,0.0390060207845849,0,0,FALSE,FALSE,FALSE,"Rejected"
"AmmoLa intensity","Ankylosing.spondylitis",0.137745242984286,0.749440195706315,0.01058459295163,0,0,FALSE,FALSE,FALSE,"Rejected"
"AmmoLa intensity","Arterial.hypertension",0.0955949346690768,0.818172328538269,0.0200735168248114,0,0,FALSE,FALSE,FALSE,"Rejected"
"AmmoLa intensity","Arteriosclerosis",NA,NA,0,0,0,FALSE,FALSE,FALSE,"Rejected"
"AmmoLa intensity","Asperger.s.syndrome",-0.393427953528845,0.43534105818781,-0.0208619660016886,0,0,FALSE,FALSE,FALSE,"Rejected"
"AmmoLa intensity","Asthma",-0.414434667400897,0.012986257367947,-0.0453211899709894,-0.0105869879075598,-0.00933265849372087,FALSE,TRUE,TRUE,"Rejected"
"AmmoLa intensity","Asthma.with.hay.fever",NA,NA,0,0,0,FALSE,FALSE,FALSE,"Rejected"
"AmmoLa intensity","Atopic.dermatitis",-0.130778165016919,0.577770117778699,0.017329218213937,0,0,FALSE,FALSE,FALSE,"Rejected"
"AmmoLa intensity","Blood.pressure.fluctuations",NA,NA,0.054779009145629,0,0,TRUE,FALSE,FALSE,"Rejected"
"AmmoLa intensity","Brain.tumor",-0.279009865157976,0.557068024539521,-0.0784104249341734,0,0,TRUE,FALSE,FALSE,"Rejected"
"AmmoLa intensity","Bronchial.asthma",0.0390676878796255,0.909499567105486,0.0314857945329907,0,0,FALSE,FALSE,FALSE,"Rejected"
"AmmoLa intensity","COPD",-0.21665397738869,0.687925736702937,-0.0255974167392746,0,0,FALSE,FALSE,FALSE,"Rejected"
"AmmoLa intensity","Caldwell.Luc.procedure",0.233707343433401,0.59436592519503,0.0100209615330872,0,0,FALSE,FALSE,FALSE,"Rejected"
"AmmoLa intensity","Cancer",0.384556179037534,0.639377384470862,0.00275486378174355,0,0,FALSE,FALSE,FALSE,"Rejected"
"AmmoLa intensity","Cardiac.arrhythmia",-0.529661593694913,0.223709905794998,-0.102375178828801,0,0,TRUE,FALSE,FALSE,"Rejected"
"AmmoLa intensity","Cat.allergy",NA,NA,-0.108901583859294,-1.01276475353659e-07,-0.000663413553542344,TRUE,TRUE,TRUE,"Rejected"
"AmmoLa intensity","Cat.hair.allergy",NA,NA,0.0796218540588003,0,0,TRUE,FALSE,FALSE,"Rejected"
"AmmoLa intensity","Celiac.disease",-0.460163095520572,0.314818722848551,-0.0867168869226351,0,0,TRUE,FALSE,FALSE,"Rejected"
"AmmoLa intensity","Cerebellar.ataxia",0.243262562606568,0.63779219474095,0.0768203772530307,0,0,TRUE,FALSE,FALSE,"Rejected"
"AmmoLa intensity","Childhood.asthma",0.509015178259949,0.236348563671137,0.0828962093846793,0,0,TRUE,FALSE,FALSE,"Rejected"
"AmmoLa intensity","Childhood.bronchial.asthma",NA,NA,0,0,0,FALSE,FALSE,FALSE,"Rejected"
"AmmoLa intensity","Chronic.bronchitis",0.0217724438451385,0.959493502645165,-0.000406358452508829,0,0,FALSE,FALSE,FALSE,"Rejected"
"AmmoLa intensity","Chronic.inflammation.of.right.shoulder",-0.0855708572940417,0.840616400568448,0.0198701063606062,0,0,FALSE,FALSE,FALSE,"Rejected"
"AmmoLa intensity","Chronic.neuroborreliosis",-0.118249078173843,0.809775508495924,0.0472205406629586,0,0,FALSE,FALSE,FALSE,"Rejected"
"AmmoLa intensity","Chronic.pain.disorder",1.15464184630405,0.105763091911559,0.0516535634611902,0,0,TRUE,FALSE,FALSE,"Rejected"
"AmmoLa intensity","Chronic.sinusitis",-0.0977766928809335,0.4428478852254,-0.00517378486258029,0,0,FALSE,FALSE,FALSE,"Rejected"
"AmmoLa intensity","Circulatory.problems",0.110318756257442,0.841442556152001,0.0547977181137684,0,0,TRUE,FALSE,FALSE,"Rejected"
"AmmoLa intensity","Congenital.asthma",0.286896960516774,0.360045164239859,0.0802080493409937,0,0,TRUE,FALSE,FALSE,"Rejected"
"AmmoLa intensity","Congenital.atopic.dermatitis",0.463563730495881,0.309180132984579,0.0898983324336108,0,0,TRUE,FALSE,FALSE,"Rejected"
"AmmoLa intensity","Congenital.hypothyroidism",0.404764762229745,0.332834071108984,0.0969295009265758,0,0,TRUE,FALSE,FALSE,"Rejected"
"AmmoLa intensity","Coronary.heart.disease",-0.840684359439179,0.0590125990527368,-0.110665486283896,0,0,TRUE,FALSE,FALSE,"Rejected"
"AmmoLa intensity","Crohn.s.disease",0.163876052043733,0.575996812094498,0.0391042691830075,0,0,FALSE,FALSE,FALSE,"Rejected"
"AmmoLa intensity","Current.smell.ability",0.00122055696587993,0.308695292153043,0.000503058068929146,0.00163196223973088,0.00154923018386063,FALSE,TRUE,TRUE,"Confirmed"
"AmmoLa intensity","Dementia..onset.",-0.217658945422616,0.672203402214493,0.044938354447476,0,0,FALSE,FALSE,FALSE,"Rejected"
"AmmoLa intensity","Depression",-0.0146281990082805,0.953843306683457,-0.0210730410065706,0,0,FALSE,FALSE,FALSE,"Rejected"
"AmmoLa intensity","Diabetes.mellitus..generic.",-0.068267554752461,0.741529369738911,-0.0178051972656112,0,0,FALSE,FALSE,FALSE,"Rejected"
"AmmoLa intensity","Diabetes.mellitus.type.I",0.230215166983562,0.531171589523909,-0.0145634361921452,0,0,FALSE,FALSE,FALSE,"Rejected"
"AmmoLa intensity","Diabetes.mellitus.type.II",-0.0234373841355578,0.863272057251273,-0.0281856306949047,0,0,FALSE,FALSE,FALSE,"Rejected"
"AmmoLa intensity","Diabetes.under.investigation",0.207567590962587,0.636128337637333,0.0393483806452301,0,0,FALSE,FALSE,FALSE,"Rejected"
"AmmoLa intensity","Dissociation",1.03064591116296,0.0917446983192801,0.0176890654595845,0,0,FALSE,FALSE,FALSE,"Rejected"
"AmmoLa intensity","Do.you.drink.alcohol.",-0.0283777629602218,0.369440875355229,-0.00620214120490577,0,0,FALSE,FALSE,FALSE,"Confirmed"
"AmmoLa intensity","Do.you.smoke.",-0.021233257812166,0.705171488602286,0.000217239103323139,0,0,FALSE,FALSE,FALSE,"Rejected"
"AmmoLa intensity","Ear.implant",0.911722284447915,0.109700981612687,0.113496535028447,0.0377735045757015,0.0332703373450115,TRUE,TRUE,TRUE,"Rejected"
"AmmoLa intensity","Epilepsy",0.310930461159615,0.327379547414502,0.0697425740891279,0.0348587263635475,0.0337904799023961,TRUE,TRUE,TRUE,"Rejected"
"AmmoLa intensity","Essential.hypertension",NA,NA,0,0,0,FALSE,FALSE,FALSE,"Rejected"
"AmmoLa intensity","Factor.V.Leiden.mutation",0.184158959504937,0.78073673278923,0.046981076332257,0,0,FALSE,FALSE,FALSE,"Rejected"
"AmmoLa intensity","Fenestration",-0.67711575731685,0.123496316800625,-0.0857425753833966,0,0,TRUE,FALSE,FALSE,"Rejected"
"AmmoLa intensity","Fibromyalgia",0.694791237946906,0.140946050817455,0.109768903415472,0,0,TRUE,FALSE,FALSE,"Rejected"
"AmmoLa intensity","Food.allergies",0.785643646073586,0.114502706712552,0.0468737791325172,0,0,FALSE,FALSE,FALSE,"Rejected"
"AmmoLa intensity","Gender_NA",NA,NA,0.074040643130824,0,0,TRUE,FALSE,FALSE,"Rejected"
"AmmoLa intensity","Gender_d",0.381369593070034,0.0962310158910792,0.0687911693162033,0.007994817002668,0.00887368074073824,TRUE,TRUE,TRUE,"Rejected"
"AmmoLa intensity","Gender_m",NA,NA,-0.023029700541952,-0.10137823774115,-0.0964804943898536,FALSE,TRUE,TRUE,"Confirmed"
"AmmoLa intensity","Gender_w",0.13164492702279,0.00473503110311355,0.0207040979544148,0,0,FALSE,FALSE,FALSE,"Confirmed"
"AmmoLa intensity","Glaucoma",NA,NA,0,0,0,FALSE,FALSE,FALSE,"Rejected"
"AmmoLa intensity","Granulomatosis.with.polyangiitis",-0.857736395833896,0.0500547052364734,-0.16740577347347,-0.182173089921712,-0.177796205748588,TRUE,TRUE,TRUE,"Rejected"
"AmmoLa intensity","Graves..disease",-0.859951018513105,0.0405308338417584,-0.113315209797718,-0.0628332342174769,-0.0411935541671076,TRUE,TRUE,TRUE,"Rejected"
"AmmoLa intensity","Has.facial.pain",-0.0247966959958053,0.815480904105294,0.005981406578688,0,0,FALSE,FALSE,FALSE,"Rejected"
"AmmoLa intensity","Has.migraine.changed.over.the.last.10.years",-0.00344221699349655,0.93352540717921,0.00144961775218901,0,0,FALSE,FALSE,FALSE,"Rejected"
"AmmoLa intensity","Hashimoto.s.thyroiditis",-0.229352911545523,0.317960964915831,-0.0201741841309455,0,0,FALSE,FALSE,FALSE,"Rejected"
"AmmoLa intensity","Have.you.ever.smoked.",0.0225383443029905,0.671582184527252,0.00313617146656137,0,0,FALSE,FALSE,FALSE,"Rejected"
"AmmoLa intensity","Have.you.had.COVID.19.",-0.0972048729942439,0.279726426922091,-0.0067288594284912,0,0,FALSE,FALSE,FALSE,"Rejected"
"AmmoLa intensity","Hay.fever",0.00335185821771667,0.990960002375173,0.0168224341306638,0,0,FALSE,FALSE,FALSE,"Rejected"
"AmmoLa intensity","Head.tumor",NA,NA,0,0,0,FALSE,FALSE,FALSE,"Rejected"
"AmmoLa intensity","Heart.failure",0.379754337907204,0.560245470229246,-0.0374722003369175,0,0,FALSE,FALSE,FALSE,"Rejected"
"AmmoLa intensity","Heart.valve.insufficiency..left.",0.39781327493645,0.338799890552319,0.0972589170034437,0,0,TRUE,FALSE,FALSE,"Rejected"
"AmmoLa intensity","Height",-0.00188403828388368,0.451012620462605,-0.000722621550201989,0,0,FALSE,FALSE,FALSE,"Confirmed"
"AmmoLa intensity","Histamine.intolerance",0.545302680507534,0.224969396559561,0.0567727735178525,0,0,TRUE,FALSE,FALSE,"Rejected"
"AmmoLa intensity","House.dust.allergy",-0.622299872189117,0.128703893523105,-0.108911885371535,-0.00232992270626247,-0.00463993527989175,TRUE,TRUE,TRUE,"Rejected"
"AmmoLa intensity","House.dust.mite.allergy",0.0151739822741856,0.977090774602307,-0.00474852252818013,0,0,FALSE,FALSE,FALSE,"Rejected"
"AmmoLa intensity","How.has.the.problem.changed",NA,NA,-0.0047894962488907,0,0,FALSE,FALSE,FALSE,"Rejected"
"AmmoLa intensity","How.many.times.have.you.had.COVID.19.",-0.0189884204841794,0.476109571898867,-0.00315320812900018,0,0,FALSE,FALSE,FALSE,"Rejected"
"AmmoLa intensity","How.often.do.you.have.migraine.per.month",-0.145672440035031,0.0401401882104551,-0.010739690380285,-0.0159643902952868,-0.0142607793677461,FALSE,TRUE,TRUE,"Rejected"
"AmmoLa intensity","Hypercholesterolemia",-0.211166790698133,0.616973164486378,-0.0743861979545312,0,0,TRUE,FALSE,FALSE,"Rejected"
"AmmoLa intensity","Hypertension",-0.0301745739304921,0.702926821731598,-0.000416120514632939,0,0,FALSE,FALSE,FALSE,"Rejected"
"AmmoLa intensity","Hypertension..variant.term.",0.615505940304924,0.184581870060415,0.0446687242931699,0,0,FALSE,FALSE,FALSE,"Rejected"
"AmmoLa intensity","Hypothyroidism",0.0410109821108294,0.769575313961908,0.020437762279225,0,0,FALSE,FALSE,FALSE,"Rejected"
"AmmoLa intensity","Hypothyroidism..treated.after.thyroidectomy.",-0.17010401740959,0.687950706722029,-0.0502735349018672,0,0,TRUE,FALSE,FALSE,"Rejected"
"AmmoLa intensity","If.yes..how.did.the.problem.start",0.0371660226705706,0.265614109940868,-0.00267407862492253,0,0,FALSE,FALSE,FALSE,"Rejected"
"AmmoLa intensity","Insulin.resistance..diabetes.type.II.",-0.158446680764481,0.753940851358878,0.0671634020319197,0,0,TRUE,FALSE,FALSE,"Rejected"
"AmmoLa intensity","Is.or.was.there.smell.reduction.after.COVID.19.",0.0750237690789093,0.365892377165319,0.0067460993355107,0,0,FALSE,FALSE,FALSE,"Rejected"
"AmmoLa intensity","Jaw.cyst.removal",-0.414242230936559,0.334197704508443,-0.0487064488287029,0,0,FALSE,FALSE,FALSE,"Rejected"
"AmmoLa intensity","Kidney.congestion",0.163225114033071,0.694482056701882,0.0355762236510811,0,0,FALSE,FALSE,FALSE,"Rejected"
"AmmoLa intensity","Kidney.insufficiency",-0.213407573662731,0.608806436319949,-0.0207587249422048,0,0,FALSE,FALSE,FALSE,"Rejected"
"AmmoLa intensity","Kidney.stones",NA,NA,0,0,0,FALSE,FALSE,FALSE,"Rejected"
"AmmoLa intensity","Kidney.stones..suspected.",-0.56687491201576,0.199264451935356,-0.137727085516813,-0.0497329746551638,-0.0475321024849567,TRUE,TRUE,TRUE,"Rejected"
"AmmoLa intensity","Kidney.surgery",-0.240298599742033,0.609067355604289,-0.00177144066671176,0,0,FALSE,FALSE,FALSE,"Rejected"
"AmmoLa intensity","Kidney.transplant..status.post.",-0.24574315805135,0.558124625527105,-0.0518157536122892,0,0,TRUE,FALSE,FALSE,"Rejected"
"AmmoLa intensity","M..Hodgkin",NA,NA,0,0,0,FALSE,FALSE,FALSE,"Rejected"
"AmmoLa intensity","Malleus.replacement..middle.ear.",0.480569418656208,0.24650944049063,0.101058357251855,0,0,TRUE,FALSE,FALSE,"Rejected"
"AmmoLa intensity","Medical.consultation.for.nasal.breathing.problems",-0.262485424604971,0.225416434869517,-0.00739977915940553,0,0,FALSE,FALSE,FALSE,"Rejected"
"AmmoLa intensity","Middle.ear.surgery",NA,NA,0,0,0,FALSE,FALSE,FALSE,"Rejected"
"AmmoLa intensity","Migraine",0.124756878354752,0.319959597644978,-0.0039670159417511,0,0,FALSE,FALSE,FALSE,"Rejected"
"AmmoLa intensity","Mitochondriopathy",-0.464837139148743,0.468618376378738,-0.00646095935653386,0,0,FALSE,FALSE,FALSE,"Rejected"
"AmmoLa intensity","Monoclonal.gammopathy.of.undetermined.significance",NA,NA,0.0446670657252053,0,0,FALSE,FALSE,FALSE,"Rejected"
"AmmoLa intensity","Multiple.sclerosis",-0.316554748730425,0.389264915431291,-0.00686303280193346,0,0,FALSE,FALSE,FALSE,"Rejected"
"AmmoLa intensity","Myasthenia.gravis",NA,NA,0,0,0,FALSE,FALSE,FALSE,"Rejected"
"AmmoLa intensity","Nasal.airflow..both.nostrils.",0.000480056378477869,0.827015992597202,0.000275346668900783,0,0,FALSE,FALSE,FALSE,"Rejected"
"AmmoLa intensity","Nasal.airflow..left.nostril.",-0.000504805082566419,0.718774553747038,0.000176942576269209,0,0,FALSE,FALSE,FALSE,"Rejected"
"AmmoLa intensity","Nasal.airflow..right.nostril.",0.00135663793228452,0.310427267288218,0.00027894450913007,0.000331002767561089,0.00034359656274545,FALSE,TRUE,TRUE,"Tentative"
"AmmoLa intensity","Nasal.fracture.surgery",0.424900533883343,0.0809829612196075,0.0761425191823409,0.00527161653436859,0.00643348627555167,TRUE,TRUE,TRUE,"Rejected"
"AmmoLa intensity","Nasal.mucosa.surgery",-0.378005255293029,0.225872679318904,-0.0390439950188902,0,0,FALSE,FALSE,FALSE,"Rejected"
"AmmoLa intensity","Nasal_breathing_therapy_Acetylcysteine",0.255216967752815,0.539195229226176,0.0357703811167617,0,0,FALSE,FALSE,FALSE,"Rejected"
"AmmoLa intensity","Nasal_breathing_therapy_Acupuncture",0.57920746681077,0.173417478838714,0.0824538743330959,0,0,TRUE,FALSE,FALSE,"Rejected"
"AmmoLa intensity","Nasal_breathing_therapy_Antiallergics",0.288041801743644,0.379934242812336,0.0347649249582228,0,0,FALSE,FALSE,FALSE,"Rejected"
"AmmoLa intensity","Nasal_breathing_therapy_Antibiotics",0.189655768794229,0.444336586163817,0.0504309369903962,0,0,TRUE,FALSE,FALSE,"Rejected"
"AmmoLa intensity","Nasal_breathing_therapy_Asthma.diagnostics",NA,NA,0.0897735596156272,0,0,TRUE,FALSE,FALSE,"Rejected"
"AmmoLa intensity","Nasal_breathing_therapy_Asthma.rescue.spray",-0.342477733042065,0.413520961424312,-0.0601978154688225,0,0,TRUE,FALSE,FALSE,"Rejected"
"AmmoLa intensity","Nasal_breathing_therapy_Corticoid.inhalation",NA,NA,0.010029845129173,0,0,FALSE,FALSE,FALSE,"Rejected"
"AmmoLa intensity","Nasal_breathing_therapy_Cortisone.spray",-0.120608613377159,0.387301974946164,-0.0263034578145463,0,0,FALSE,FALSE,FALSE,"Rejected"
"AmmoLa intensity","Nasal_breathing_therapy_Doprident..medication.",NA,NA,0,0,0,FALSE,FALSE,FALSE,"Rejected"
"AmmoLa intensity","Nasal_breathing_therapy_Hyposensitization",-0.00518382661797079,0.985603782220541,0.000386046288194808,0,0,FALSE,FALSE,FALSE,"Rejected"
"AmmoLa intensity","Nasal_breathing_therapy_Nasal.mucosa.surgery",-0.413471231682323,0.369790061129708,-0.0465183258932707,0,0,FALSE,FALSE,FALSE,"Rejected"
"AmmoLa intensity","Nasal_breathing_therapy_No.therapy",0.0300189013417729,0.69430645379435,-0.0104180447358118,0,0,FALSE,FALSE,FALSE,"Rejected"
"AmmoLa intensity","Nasal_breathing_therapy_Obstructive.Sleep.Apnea.Syndrome",NA,NA,-0.0433862190598904,0,0,FALSE,FALSE,FALSE,"Rejected"
"AmmoLa intensity","Nasal_breathing_therapy_Ointment",0.251949995346267,0.571578646206897,0.0255771902701411,0,0,FALSE,FALSE,FALSE,"Rejected"
"AmmoLa intensity","Nasal_breathing_therapy_Operation",NA,NA,0.0567277273916723,0,0,TRUE,FALSE,FALSE,"Rejected"
"AmmoLa intensity","Nasal_breathing_therapy_Operation.planned",-0.0677618682184848,0.873398140639784,-0.0569633197254849,0,0,TRUE,FALSE,FALSE,"Rejected"
"AmmoLa intensity","Nasal_breathing_therapy_Radio.wave.therapy",NA,NA,0.07702147066922,0,0,TRUE,FALSE,FALSE,"Rejected"
"AmmoLa intensity","Nasal_breathing_therapy_Red.light.therapy",-0.243198234775215,0.562615204953395,-0.0557050953023036,0,0,TRUE,FALSE,FALSE,"Rejected"
"AmmoLa intensity","Nasal_breathing_therapy_Regular.checkups",NA,NA,0,0,0,FALSE,FALSE,FALSE,"Rejected"
"AmmoLa intensity","Nasal_breathing_therapy_Sea.salt.inhalation",0.274868781790945,0.525922167211005,0.0258355762774159,0,0,FALSE,FALSE,FALSE,"Rejected"
"AmmoLa intensity","Nasal_breathing_therapy_Sinus.surgery",0.771152975585308,0.0206414453082602,0.105075025089056,0.0844820854581573,0.0797744066804179,TRUE,TRUE,TRUE,"Rejected"
"AmmoLa intensity","Nasal_breathing_therapy_Sinusitis",-0.0252002764991938,0.959170339803788,0.0225345574188801,0,0,FALSE,FALSE,FALSE,"Rejected"
"AmmoLa intensity","Nasal_breathing_therapy_Tympanic.membrane.surgery",0.09959521217849,0.824006500337923,0.0278951146429154,0,0,FALSE,FALSE,FALSE,"Rejected"
"AmmoLa intensity","Nasal_breathing_therapy_Unspecified",0.362876508456591,0.195055560358878,0.0423745586081065,0,0,FALSE,FALSE,FALSE,"Rejected"
"AmmoLa intensity","Nasal_breathing_therapy_Unspecified.surgery.for.nasal.breathing.problems",NA,NA,0.0161976909968665,0,0,FALSE,FALSE,FALSE,"Rejected"
"AmmoLa intensity","Nasal_breathing_therapy_septoplasty",0.304575660808151,0.148513118949084,0.0259739418080893,0,0,FALSE,FALSE,FALSE,"Rejected"
"AmmoLa intensity","Nasal_breathing_therapy_turbinate.surgery",0.550139588679224,0.108319436184759,0.0468483270269064,0,0,FALSE,FALSE,FALSE,"Rejected"
"AmmoLa intensity","Nasal_breathing_therapy_turbinoplasty",0.148659187394819,0.671580894319005,-0.0308823965445271,0,0,FALSE,FALSE,FALSE,"Rejected"
"AmmoLa intensity","Neck.carcinoma.surgery",-0.0886559422207728,0.845949292159527,-0.0221972546860985,0,0,FALSE,FALSE,FALSE,"Rejected"
"AmmoLa intensity","Neck.surgery",0.225929375633265,0.539703750669206,0.0498295555316554,0,0,FALSE,FALSE,FALSE,"Rejected"
"AmmoLa intensity","Neck.trauma.surgery",0.865774376394007,0.19281094872364,0.0855626704512321,0,0,TRUE,FALSE,FALSE,"Rejected"
"AmmoLa intensity","Neurological.disorder",0.118478551563257,0.530043643051677,0.00987130141601607,0,0,FALSE,FALSE,FALSE,"Rejected"
"AmmoLa intensity","Obsessive.compulsive.disorder",NA,NA,0.0177026316689427,0,0,FALSE,FALSE,FALSE,"Rejected"
"AmmoLa intensity","Odor.identification..x.3.",-0.00299148924513259,0.922134498416596,-0.00272736306973168,0,0,FALSE,FALSE,FALSE,"Rejected"
"AmmoLa intensity","Operation",NA,NA,0.0567210369529674,0,0,TRUE,FALSE,FALSE,"Rejected"
"AmmoLa intensity","Oral.carcinoma.surgery",-0.1986157035358,0.715372620390911,-0.0492099838165723,0,0,FALSE,FALSE,FALSE,"Rejected"
"AmmoLa intensity","Osteoarthritis",-0.496011003267977,0.279306133446705,-0.106917036900516,0,0,TRUE,FALSE,FALSE,"Rejected"
"AmmoLa intensity","Osteoporosis",NA,NA,0,0,0,FALSE,FALSE,FALSE,"Rejected"
"AmmoLa intensity","Otoplasty",0.110373559998163,0.74912779742154,-0.0103893146663676,0,0,FALSE,FALSE,FALSE,"Rejected"
"AmmoLa intensity","Parotidectomy",-0.157267459566998,0.722985712575097,-0.0168450967166755,0,0,FALSE,FALSE,FALSE,"Rejected"
"AmmoLa intensity","Partial.kidney.resection.after.tumor",NA,NA,0,0,0,FALSE,FALSE,FALSE,"Rejected"
"AmmoLa intensity","Pharyngeal.abscess.surgery",-0.481295393053884,0.280907117733897,-0.0273852648991802,0,0,FALSE,FALSE,FALSE,"Rejected"
"AmmoLa intensity","Polycystic.ovary.syndrome",-0.766681999673956,0.0877393913466223,-0.124422127008888,-0.134660616779785,-0.0911043405110819,TRUE,TRUE,TRUE,"Rejected"
"AmmoLa intensity","Polyneuropathy",-0.150385807901948,0.685776433643433,0.0246684179470067,0,0,FALSE,FALSE,FALSE,"Rejected"
"AmmoLa intensity","Poor.kidney.function",0.227232151778555,0.599193441500188,0.0285214425496518,0,0,FALSE,FALSE,FALSE,"Rejected"
"AmmoLa intensity","Post.traumatic.stress.disorder",-1.18802380134335,0.0254447629681268,-0.0437578539037031,0,0,FALSE,FALSE,FALSE,"Rejected"
"AmmoLa intensity","Post.viral.fatigue.syndrome",0.102062109392999,0.805740846123592,0.031853778360324,0,0,FALSE,FALSE,FALSE,"Rejected"
"AmmoLa intensity","Primary.biliary.cirrhosis",NA,NA,-0.113326330557018,-1.45753303549173e-15,-0.0188948955910839,TRUE,TRUE,TRUE,"Rejected"
"AmmoLa intensity","Psoriasis",-0.272786571159038,0.615866545789149,-0.0446314137327353,0,0,FALSE,FALSE,FALSE,"Rejected"
"AmmoLa intensity","Psoriatic.arthritis",0.219156557649868,0.49638567720911,0.0687352733984658,0,0,TRUE,FALSE,FALSE,"Rejected"
"AmmoLa intensity","Radio.wave.therapy",0.396007610495008,0.332474229652633,0.0770106962169971,0,0,TRUE,FALSE,FALSE,"Rejected"
"AmmoLa intensity","Raynaud.s.syndrome",0.550614745338494,0.204996597692485,0.0897877418544688,0,0,TRUE,FALSE,FALSE,"Rejected"
"AmmoLa intensity","Reduced.sense.of.smell",NA,NA,0.0446570339794803,0,0,FALSE,FALSE,FALSE,"Rejected"
"AmmoLa intensity","Rheumatism",-0.195284227005803,0.430039698589543,-0.0246664207808259,0,0,FALSE,FALSE,FALSE,"Rejected"
"AmmoLa intensity","Rheumatoid.arthritis",-0.037695013550833,0.931777887680229,0.0150942824930777,0,0,FALSE,FALSE,FALSE,"Rejected"
"AmmoLa intensity","Sarcoidosis",-0.404353587497435,0.14128104344049,-0.0876476229887033,-0.0596094272859345,-0.0587626795579881,TRUE,TRUE,TRUE,"Rejected"
"AmmoLa intensity","Scheuermann.s.disease",NA,NA,0,0,0,FALSE,FALSE,FALSE,"Rejected"
"AmmoLa intensity","Sensitivity.of.the.nose.to.stinging.burning.stimuli",0.050210061637371,0.0177018677442458,0.0119019248978729,0.0290962251040901,0.0282231648826306,FALSE,TRUE,TRUE,"Confirmed"
"AmmoLa intensity","Shingles",NA,NA,0,0,0,FALSE,FALSE,FALSE,"Rejected"
"AmmoLa intensity","Sinus.surgery",-0.0201835786372711,0.790445092727529,0.00428376347193803,0,0,FALSE,FALSE,FALSE,"Rejected"
"AmmoLa intensity","Sinusitis",NA,NA,-0.110693262270107,0,0,TRUE,FALSE,FALSE,"Rejected"
"AmmoLa intensity","Sleep.apnea",-0.388270809624798,0.366064607309987,-0.0708007233889732,0,0,TRUE,FALSE,FALSE,"Rejected"
"AmmoLa intensity","Smell.ability.before.COVID.19",NA,NA,0.000129376853217193,0,0,FALSE,FALSE,FALSE,"Confirmed"
"AmmoLa intensity","Smell.ability.immediately.after.COVID.19",0.00128067221768688,0.193328972312888,0.00012955733872787,0,0,FALSE,FALSE,FALSE,"Confirmed"
"AmmoLa intensity","Smell.reduction.1",0.00676308763451734,0.929774341866248,0.00743205451133583,0,0,FALSE,FALSE,FALSE,"Rejected"
"AmmoLa intensity","Smell.reduction.2",0.0245956550651759,0.768334564351262,0.00399733750940172,0,0,FALSE,FALSE,FALSE,"Rejected"
"AmmoLa intensity","Smell.reduction.3",0.142328342417447,0.389095196186689,0.0284465743360403,0,0,FALSE,FALSE,FALSE,"Rejected"
"AmmoLa intensity","Soft.tissue.rheumatism",-0.107803043067406,0.795094605050408,-0.0103640258653265,0,0,FALSE,FALSE,FALSE,"Rejected"
"AmmoLa intensity","Spinal.canal.stenosis",NA,NA,0,0,0,FALSE,FALSE,FALSE,"Rejected"
"AmmoLa intensity","Systemic.lupus.erythematosus",0.381584313155575,0.359343802565167,0.0796185885057121,0,0,TRUE,FALSE,FALSE,"Rejected"
"AmmoLa intensity","Thrombocytosis",-0.490887514473704,0.252947015613659,-0.108889452516579,0,0,TRUE,FALSE,FALSE,"Rejected"
"AmmoLa intensity","Thyroid.carcinoma.surgery",0.00976685493556534,0.981503814108184,-0.0126544196036958,0,0,FALSE,FALSE,FALSE,"Rejected"
"AmmoLa intensity","Thyroid.problems",-0.846268290744575,0.0429139943594562,-0.18657809472954,-0.30744674634655,-0.291406910564586,TRUE,TRUE,TRUE,"Rejected"
"AmmoLa intensity","Thyroid.surgery",-0.187847053654422,0.674828827439628,0.0284457128727617,0,0,FALSE,FALSE,FALSE,"Rejected"
"AmmoLa intensity","Tinnitus",NA,NA,-0.124410748264075,-1.26768206995375e-10,-0.042027905437612,TRUE,TRUE,TRUE,"Rejected"
"AmmoLa intensity","Tonsillectomy",-0.157662786026453,0.238897053009616,-0.00314565302129304,0,0,FALSE,FALSE,FALSE,"Rejected"
"AmmoLa intensity","Tonsillotomy",-0.0336356897302598,0.640741593640061,-0.00147259345705142,0,0,FALSE,FALSE,FALSE,"Rejected"
"AmmoLa intensity","Tympanic.membrane.surgery",-0.157397132951682,0.393975032871244,-0.0130691000880628,0,0,FALSE,FALSE,FALSE,"Rejected"
"AmmoLa intensity","Tympanostomy.tube.insertion",-0.0222666864084694,0.925852026572467,-0.0156230344622921,0,0,FALSE,FALSE,FALSE,"Rejected"
"AmmoLa intensity","Unpecified_ENT_surgery",-0.0594270199711987,0.840246684538741,-0.0168802718300998,0,0,FALSE,FALSE,FALSE,"Rejected"
"AmmoLa intensity","Unpecified_chronic_disease",-0.515302163869934,0.264335597836659,-0.0731108579568537,0,0,TRUE,FALSE,FALSE,"Rejected"
"AmmoLa intensity","Unspecified.surgery.for.nasal.breathing.problems",0.25811856272798,0.0716516289040059,0.0161867443423758,0,0,FALSE,FALSE,FALSE,"Rejected"
"AmmoLa intensity","Upper.respiratory.infection",-0.0706531571484979,0.415032730818022,-0.0124549690782972,0,0,FALSE,FALSE,FALSE,"Rejected"
"AmmoLa intensity","Vocal.cord.surgery",0.21353566660778,0.490899999980808,0.0286441013722103,0,0,FALSE,FALSE,FALSE,"Rejected"
"AmmoLa intensity","Weight",0.00127801469860826,0.295787824026363,-8.91154261055436e-05,0,0,FALSE,FALSE,FALSE,"Rejected"
"AmmoLa intensity","covid_temporal_category",0.00314441422161088,0.80164095442041,-0.000617342194347007,0,0,FALSE,FALSE,FALSE,"Rejected"
"AmmoLa intensity","facial_pain_burning",0.211171667380245,0.340227244136907,0.0426546595354103,0,0,FALSE,FALSE,FALSE,"Rejected"
"AmmoLa intensity","facial_pain_freq_code",0.0731166891013304,0.151549540386972,0.00592585557643934,0.00411361128409261,0.00407135079492901,FALSE,TRUE,TRUE,"Rejected"
"AmmoLa intensity","facial_pain_pressing",-0.149638354807464,0.405561786582409,0.00429605867348581,0,0,FALSE,FALSE,FALSE,"Rejected"
"AmmoLa intensity","facial_pain_pulling",-0.0055707679846381,0.976145859255033,0.0202817635804479,0,0,FALSE,FALSE,FALSE,"Rejected"
"AmmoLa intensity","facial_pain_stabbing",-0.0355315386385473,0.853379841050419,0.0301135685871866,0.00344109444379059,0.00545815015976866,FALSE,TRUE,TRUE,"Rejected"
"AmmoLa intensity","has.ENT.surgery",NA,NA,-0.00238724612011711,0,0,FALSE,FALSE,FALSE,"Rejected"
"AmmoLa intensity","has.chronic.disease",0.0260948950276227,0.745839575704408,0.00109356681664259,0,0,FALSE,FALSE,FALSE,"Rejected"
"AmmoLa intensity","mean_cigs",-0.00355995230392656,0.46460678612543,4.43030089417059e-05,0,0,FALSE,FALSE,FALSE,"Rejected"
"AmmoLa intensity","nasal_breathing_problem",NA,NA,0.00288962509019236,0,0,FALSE,FALSE,FALSE,"Rejected"
"AmmoLa intensity","nasal_breathing_problem_ongoing",-0.0876958634859679,0.736238667787025,-0.0246801204288994,0,0,FALSE,FALSE,FALSE,"Rejected"
"AmmoLa intensity","pack_years",0.00549149952682025,0.150939468139872,2.462441512831e-05,0,0,FALSE,FALSE,FALSE,"Rejected"
"AmmoLa intensity","pharyngeal.carcinoma.surgery",0.195821773162207,0.762358824165079,0.0849432398896173,0,0,TRUE,FALSE,FALSE,"Rejected"
"AmmoLa intensity","reduced_smell_and_taste_ability_what_Riechen",-0.0813374440766357,0.413468516740227,-0.00263437048092874,0,0,FALSE,FALSE,FALSE,"Rejected"
"AmmoLa intensity","reduced_smell_and_taste_ability_what_Riechen..Schmecken",0.128882467033504,0.695895299262179,0.0538982890798124,0,0,TRUE,FALSE,FALSE,"Rejected"
"AmmoLa intensity","reduced_smell_and_taste_ability_what_Riechen..feiner.Geschmack",-0.266521896675283,0.0461372398928916,-0.0361395969174862,-0.0607747580239007,-0.0571352518341829,FALSE,TRUE,TRUE,"Confirmed"
"AmmoLa intensity","reduced_smell_and_taste_ability_what_Riechen..feiner.Geschmack..Schmecken",-0.390864362146205,0.249564133345877,-0.00469113436549307,0,0,FALSE,FALSE,FALSE,"Rejected"
"AmmoLa intensity","reduced_smell_and_taste_ability_what_Schmecken",-0.16524034486073,0.39243004226901,-0.00645740863312108,0,0,FALSE,FALSE,FALSE,"Rejected"
"AmmoLa intensity","reduced_smell_and_taste_ability_what_Unknwon",NA,NA,0.0941151551988093,0,0,TRUE,FALSE,FALSE,"Rejected"
"AmmoLa intensity","reduced_smell_and_taste_ability_what_feiner.Geschmack",-0.171857150597163,0.0821484612779684,-0.0225520891340969,-0.0213659170623758,-0.0184387947805447,FALSE,TRUE,TRUE,"Rejected"
"AmmoLa intensity","reduced_smell_and_taste_ability_what_feiner.Geschmack..Schmecken",-0.0121236473118144,0.977401538159834,0.0139984118478476,0,0,FALSE,FALSE,FALSE,"Rejected"
"AmmoLa intensity","reduced_smell_and_taste_ability_what_n",NA,NA,0.0158029405518842,0.00424232317469162,0.00785503897011962,FALSE,TRUE,TRUE,"Rejected"
"AmmoLa intensity","septoplasty",0.0150316562375931,0.889527338377301,0.0270984411327206,0.0653416329796427,0.0615257180670908,FALSE,TRUE,TRUE,"Confirmed"
"AmmoLa intensity","smoker_type_current",NA,NA,0.00021539180895391,0,0,FALSE,FALSE,FALSE,"Rejected"
"AmmoLa intensity","smoker_type_former",NA,NA,0.00403084375094734,0,0,FALSE,FALSE,FALSE,"Rejected"
"AmmoLa intensity","smoking_temporal_category",NA,NA,-0.00025777483126191,0,0,FALSE,FALSE,FALSE,"Rejected"
"AmmoLa intensity","turbinate.surgery",-0.316658693922412,0.142300742448056,-0.0131802806568594,0,0,FALSE,FALSE,FALSE,"Rejected"
"CO2 threshold","ADHD",0.491791293085996,0.246045884748472,0.0885638904769839,0,0,TRUE,FALSE,FALSE,"Rejected"
"CO2 threshold","Achalasia",0.450156235595823,0.404321982704792,0.0315195772481558,0,0,FALSE,FALSE,FALSE,"Rejected"
"CO2 threshold","Acoustic.trauma",-0.485188764004503,0.214798059540439,-0.110231021241802,0,0,TRUE,FALSE,FALSE,"Rejected"
"CO2 threshold","Adenotomy",0.0187243898523023,0.770148622970079,0.00763446317613259,0,0,FALSE,FALSE,FALSE,"Rejected"
"CO2 threshold","Age",-6.96500016045503e-05,0.944279335401682,-3.58846780602578e-06,0,0,FALSE,FALSE,FALSE,"Rejected"
"CO2 threshold","Allergic.asthma",0.305863638694037,0.206503435494776,0.0337124656564726,0,0,FALSE,FALSE,FALSE,"Rejected"
"CO2 threshold","Allergic.problems",-0.0675108928322229,0.340907079556635,-0.0121412949242486,0,0,FALSE,FALSE,FALSE,"Rejected"
"CO2 threshold","Allergic.rhinitis..hay.fever.",0.289168246404251,0.44511077217928,0.0358377485775536,0,0,FALSE,FALSE,FALSE,"Rejected"
"CO2 threshold","Ankylosing.spondylitis",-0.446113036440789,0.259336080880414,-0.0730529597323861,0,0,TRUE,FALSE,FALSE,"Rejected"
"CO2 threshold","Arterial.hypertension",0.164560276109438,0.665928712790531,0.0359568390823778,0,0,FALSE,FALSE,FALSE,"Rejected"
"CO2 threshold","Arteriosclerosis",NA,NA,0,0,0,FALSE,FALSE,FALSE,"Rejected"
"CO2 threshold","Asperger.s.syndrome",0.557573743027216,0.227914073117059,0.0887624253962595,0,0,TRUE,FALSE,FALSE,"Rejected"
"CO2 threshold","Asthma",0.132588282881663,0.384871753550252,-0.00816441615211599,0,0,FALSE,FALSE,FALSE,"Rejected"
"CO2 threshold","Asthma.with.hay.fever",NA,NA,0,0,0,FALSE,FALSE,FALSE,"Rejected"
"CO2 threshold","Atopic.dermatitis",-0.134313643493181,0.532825320945074,-0.0118287571157001,0,0,FALSE,FALSE,FALSE,"Rejected"
"CO2 threshold","Blood.pressure.fluctuations",NA,NA,0.0804292984173196,0,0,TRUE,FALSE,FALSE,"Rejected"
"CO2 threshold","Brain.tumor",0.147842918494743,0.734236327203404,0.0449509708310323,0,0,FALSE,FALSE,FALSE,"Rejected"
"CO2 threshold","Bronchial.asthma",0.255320061740711,0.417789313006172,0.0414688402239078,0,0,FALSE,FALSE,FALSE,"Rejected"
"CO2 threshold","COPD",-0.087783238177981,0.859062348260985,0.0501952852652362,0,0,TRUE,FALSE,FALSE,"Rejected"
"CO2 threshold","Caldwell.Luc.procedure",-0.28504156690329,0.47861505501936,-0.0351074983139694,0,0,FALSE,FALSE,FALSE,"Rejected"
"CO2 threshold","Cancer",0.430248846240628,0.567371149625131,0.0889736910020461,0,0,TRUE,FALSE,FALSE,"Rejected"
"CO2 threshold","Cardiac.arrhythmia",0.00920043556161769,0.981592841167063,-0.00974968277314048,0,0,FALSE,FALSE,FALSE,"Rejected"
"CO2 threshold","Cat.allergy",NA,NA,-0.0128332190464989,0,0,FALSE,FALSE,FALSE,"Rejected"
"CO2 threshold","Cat.hair.allergy",NA,NA,-0.0102422436063572,0,0,FALSE,FALSE,FALSE,"Rejected"
"CO2 threshold","Celiac.disease",0.644613107129372,0.124691933462764,0.0932047452801227,0,0,TRUE,FALSE,FALSE,"Rejected"
"CO2 threshold","Cerebellar.ataxia",0.017701887828594,0.970182399108692,0.024591969619289,0,0,FALSE,FALSE,FALSE,"Rejected"
"CO2 threshold","Childhood.asthma",0.944046956387389,0.0167606210753077,0.11643375466131,0,0,TRUE,FALSE,FALSE,"Rejected"
"CO2 threshold","Childhood.bronchial.asthma",NA,NA,0,0,0,FALSE,FALSE,FALSE,"Rejected"
"CO2 threshold","Chronic.bronchitis",0.645071268836223,0.101016953668556,0.104740830865409,0,0,TRUE,FALSE,FALSE,"Rejected"
"CO2 threshold","Chronic.inflammation.of.right.shoulder",-0.961668495220434,0.0139015481183698,-0.122916046069278,0,0,TRUE,FALSE,FALSE,"Rejected"
"CO2 threshold","Chronic.neuroborreliosis",0.0600625123729075,0.893880211181319,-0.00892406566046484,0,0,FALSE,FALSE,FALSE,"Rejected"
"CO2 threshold","Chronic.pain.disorder",0.215777397896043,0.741307352086297,-0.00525329764483907,0,0,FALSE,FALSE,FALSE,"Rejected"
"CO2 threshold","Chronic.sinusitis",0.12489596216755,0.284978460484491,-0.00538871770559136,0,0,FALSE,FALSE,FALSE,"Rejected"
"CO2 threshold","Circulatory.problems",0.527896248341786,0.296511066850238,0.0804272689799466,0,0,TRUE,FALSE,FALSE,"Rejected"
"CO2 threshold","Congenital.asthma",0.495207313565772,0.0850437318469163,0.0681111649276381,0,0,TRUE,FALSE,FALSE,"Rejected"
"CO2 threshold","Congenital.atopic.dermatitis",-0.15067740643605,0.718278427727006,-0.0313903505787129,0,0,FALSE,FALSE,FALSE,"Rejected"
"CO2 threshold","Congenital.hypothyroidism",-0.339885819402881,0.374943629815973,-0.0520223045222981,0,0,TRUE,FALSE,FALSE,"Rejected"
"CO2 threshold","Coronary.heart.disease",0.501484399151777,0.218773320469701,0.0944781439876637,0,0,TRUE,FALSE,FALSE,"Rejected"
"CO2 threshold","Crohn.s.disease",0.136547243852571,0.61117562985072,0.0243201699520017,0,0,FALSE,FALSE,FALSE,"Rejected"
"CO2 threshold","Current.smell.ability",-0.000626360148594913,0.568612515945044,4.57053221238262e-05,0,0,FALSE,FALSE,FALSE,"Confirmed"
"CO2 threshold","Dementia..onset.",-0.21865621285477,0.642834176815324,0.0199068861260092,0,0,FALSE,FALSE,FALSE,"Rejected"
"CO2 threshold","Depression",-0.101880500946881,0.660100562013795,0.0102508737976381,0,0,FALSE,FALSE,FALSE,"Rejected"
"CO2 threshold","Diabetes.mellitus..generic.",0.0858318312952955,0.650974134697597,0.0170399160263965,0,0,FALSE,FALSE,FALSE,"Rejected"
"CO2 threshold","Diabetes.mellitus.type.I",0.259573379127846,0.441139930131414,0.0257065738866709,0,0,FALSE,FALSE,FALSE,"Rejected"
"CO2 threshold","Diabetes.mellitus.type.II",-0.0578288950772032,0.642976157470872,-0.00153019010347687,0,0,FALSE,FALSE,FALSE,"Rejected"
"CO2 threshold","Diabetes.under.investigation",0.0581011507231653,0.885108600639069,0.00137493775457539,0,0,FALSE,FALSE,FALSE,"Rejected"
"CO2 threshold","Dissociation",0.558313765959553,0.318599666508913,0.0541950830215405,0,0,TRUE,FALSE,FALSE,"Rejected"
"CO2 threshold","Do.you.drink.alcohol.",-0.00617408027587699,0.831243726775652,-0.00294876795497881,0,0,FALSE,FALSE,FALSE,"Rejected"
"CO2 threshold","Do.you.smoke.",0.00780649757575727,0.879370350613199,0.00333735876118534,0,0,FALSE,FALSE,FALSE,"Rejected"
"CO2 threshold","Ear.implant",-0.281943631996783,0.589092515539496,0.00881766196994808,0,0,FALSE,FALSE,FALSE,"Rejected"
"CO2 threshold","Epilepsy",0.0771964948758688,0.790712260527178,0.0175944845902402,0,0,FALSE,FALSE,FALSE,"Rejected"
"CO2 threshold","Essential.hypertension",NA,NA,0,0,0,FALSE,FALSE,FALSE,"Rejected"
"CO2 threshold","Factor.V.Leiden.mutation",-1.00104631197005,0.0991391628508175,-0.109092554441163,0,0,TRUE,FALSE,FALSE,"Rejected"
"CO2 threshold","Fenestration",-0.289353994699379,0.472363250885219,-0.0134992885473871,0,0,FALSE,FALSE,FALSE,"Rejected"
"CO2 threshold","Fibromyalgia",-0.616458008064641,0.154087596808355,-0.0874280003951477,0,0,TRUE,FALSE,FALSE,"Rejected"
"CO2 threshold","Food.allergies",0.895747428609291,0.0497457301337671,0.117245162674737,0,0,TRUE,FALSE,FALSE,"Rejected"
"CO2 threshold","Gender_NA",NA,NA,-0.0525522996523832,0,0,TRUE,FALSE,FALSE,"Rejected"
"CO2 threshold","Gender_d",-0.307896661032893,0.142779606620584,-0.0594095723305292,0,0,TRUE,FALSE,FALSE,"Rejected"
"CO2 threshold","Gender_m",NA,NA,-0.0102002267043045,0,0,FALSE,FALSE,FALSE,"Confirmed"
"CO2 threshold","Gender_w",0.0455698326589589,0.284780816165092,0.0119083881605297,0.017627836878815,0.0162692501792016,FALSE,TRUE,TRUE,"Confirmed"
"CO2 threshold","Glaucoma",NA,NA,0,0,0,FALSE,FALSE,FALSE,"Rejected"
"CO2 threshold","Granulomatosis.with.polyangiitis",-0.427438379745227,0.286197086215748,-0.0582658764615092,0,0,TRUE,FALSE,FALSE,"Rejected"
"CO2 threshold","Graves..disease",-0.940774109490235,0.0145663181257981,-0.10613301816244,0,0,TRUE,FALSE,FALSE,"Rejected"
"CO2 threshold","Has.facial.pain",-0.191996554282298,0.0490354460560334,-0.00522427979801691,0,0,FALSE,FALSE,FALSE,"Rejected"
"CO2 threshold","Has.migraine.changed.over.the.last.10.years",-0.00578518140831538,0.878445731227083,0.00112983620120618,0,0,FALSE,FALSE,FALSE,"Rejected"
"CO2 threshold","Hashimoto.s.thyroiditis",-0.136132571170437,0.517731735375093,-0.0173811510118364,0,0,FALSE,FALSE,FALSE,"Rejected"
"CO2 threshold","Have.you.ever.smoked.",0.000114935449597734,0.998117774742325,0.0021173968981102,0,0,FALSE,FALSE,FALSE,"Rejected"
"CO2 threshold","Have.you.had.COVID.19.",0.180301513081477,0.0289419712837045,0.00546850889315533,0,0,FALSE,FALSE,FALSE,"Rejected"
"CO2 threshold","Hay.fever",-0.203153538710971,0.453833932107918,-0.0549750369602369,0,0,TRUE,FALSE,FALSE,"Rejected"
"CO2 threshold","Head.tumor",NA,NA,0,0,0,FALSE,FALSE,FALSE,"Rejected"
"CO2 threshold","Heart.failure",0.0359687683001389,0.951997522200413,0.0259044913677679,0,0,FALSE,FALSE,FALSE,"Rejected"
"CO2 threshold","Heart.valve.insufficiency..left.",0.520155833693896,0.172564222682616,0.0881080766988363,0,0,TRUE,FALSE,FALSE,"Rejected"
"CO2 threshold","Height",-0.00446245233935494,0.0517515451370738,-0.000642997602441462,-0.000525930777021707,-0.000541185761050873,FALSE,TRUE,TRUE,"Confirmed"
"CO2 threshold","Histamine.intolerance",0.907310749031941,0.0278266828420991,0.084590061124792,0,0,TRUE,FALSE,FALSE,"Rejected"
"CO2 threshold","House.dust.allergy",0.02857506010265,0.939276148774776,-0.0128345560879591,0,0,FALSE,FALSE,FALSE,"Rejected"
"CO2 threshold","House.dust.mite.allergy",0.273069594359933,0.572935147407283,0.0236965405666221,0,0,FALSE,FALSE,FALSE,"Rejected"
"CO2 threshold","How.has.the.problem.changed",NA,NA,-0.00248777659669602,0,0,FALSE,FALSE,FALSE,"Rejected"
"CO2 threshold","How.many.times.have.you.had.COVID.19.",-0.0102835531135629,0.673694598483053,0.000131447216005633,0,0,FALSE,FALSE,FALSE,"Rejected"
"CO2 threshold","How.often.do.you.have.migraine.per.month",-0.0729507547441598,0.261596677661857,-0.00183582894070072,0,0,FALSE,FALSE,FALSE,"Rejected"
"CO2 threshold","Hypercholesterolemia",0.0565703255633168,0.883769610186978,0.00849731663486001,0,0,FALSE,FALSE,FALSE,"Rejected"
"CO2 threshold","Hypertension",-0.0644056814770711,0.374614308867742,-0.0108015310781711,0,0,FALSE,FALSE,FALSE,"Rejected"
"CO2 threshold","Hypertension..variant.term.",0.273144444264571,0.520408121779413,1.95415324319454e-05,0,0,FALSE,FALSE,FALSE,"Rejected"
"CO2 threshold","Hypothyroidism",0.0791347761298196,0.537496158727769,0.0127313963359377,0,0,FALSE,FALSE,FALSE,"Rejected"
"CO2 threshold","Hypothyroidism..treated.after.thyroidectomy.",-0.375417292907898,0.333656994798064,-0.0664070577282909,0,0,TRUE,FALSE,FALSE,"Rejected"
"CO2 threshold","If.yes..how.did.the.problem.start",0.0101020880807391,0.741196152082733,-0.00198236837215097,0,0,FALSE,FALSE,FALSE,"Rejected"
"CO2 threshold","Insulin.resistance..diabetes.type.II.",-0.0168726514269814,0.970949645222858,-0.036641592652611,0,0,FALSE,FALSE,FALSE,"Rejected"
"CO2 threshold","Is.or.was.there.smell.reduction.after.COVID.19.",0.0762850099693135,0.315867506451268,0.00134144569565903,0,0,FALSE,FALSE,FALSE,"Rejected"
"CO2 threshold","Jaw.cyst.removal",0.31825406206699,0.418210440471218,0.0564091679764685,0,0,TRUE,FALSE,FALSE,"Rejected"
"CO2 threshold","Kidney.congestion",0.109037083354091,0.774671835610709,0.0272030080963426,0,0,FALSE,FALSE,FALSE,"Rejected"
"CO2 threshold","Kidney.insufficiency",0.278465081500504,0.466316010911992,0.0491509444314615,0,0,FALSE,FALSE,FALSE,"Rejected"
"CO2 threshold","Kidney.stones",NA,NA,0,0,0,FALSE,FALSE,FALSE,"Rejected"
"CO2 threshold","Kidney.stones..suspected.",0.247374267447302,0.540900864382657,0.0552010285645197,0,0,TRUE,FALSE,FALSE,"Rejected"
"CO2 threshold","Kidney.surgery",-0.154572027751208,0.719657394234815,-0.0308313072384278,0,0,FALSE,FALSE,FALSE,"Rejected"
"CO2 threshold","Kidney.transplant..status.post.",-0.361981418845725,0.346739079596566,-0.0452284589861419,0,0,FALSE,FALSE,FALSE,"Rejected"
"CO2 threshold","M..Hodgkin",NA,NA,0,0,0,FALSE,FALSE,FALSE,"Rejected"
"CO2 threshold","Malleus.replacement..middle.ear.",-0.678569563212204,0.074435255163955,-0.0824805032300569,0,0,TRUE,FALSE,FALSE,"Rejected"
"CO2 threshold","Medical.consultation.for.nasal.breathing.problems",0.149092242224998,0.452355050365797,0.0222947727868534,0,0,FALSE,FALSE,FALSE,"Rejected"
"CO2 threshold","Middle.ear.surgery",NA,NA,0,0,0,FALSE,FALSE,FALSE,"Rejected"
"CO2 threshold","Migraine",0.0869264759289014,0.449558426189532,-1.24514193107769e-05,0,0,FALSE,FALSE,FALSE,"Rejected"
"CO2 threshold","Mitochondriopathy",-0.0659933765296241,0.910603893156533,-0.0155236939614169,0,0,FALSE,FALSE,FALSE,"Rejected"
"CO2 threshold","Monoclonal.gammopathy.of.undetermined.significance",NA,NA,1.87142905052355e-05,0,0,FALSE,FALSE,FALSE,"Rejected"
"CO2 threshold","Multiple.sclerosis",0.32505064173773,0.334827258668341,0.0592524442357083,0,0,TRUE,FALSE,FALSE,"Rejected"
"CO2 threshold","Myasthenia.gravis",NA,NA,0,0,0,FALSE,FALSE,FALSE,"Rejected"
"CO2 threshold","Nasal.airflow..both.nostrils.",0.00292995419988751,0.145963896720854,0.000206707995986675,0,0,FALSE,FALSE,FALSE,"Confirmed"
"CO2 threshold","Nasal.airflow..left.nostril.",-0.000949657083990361,0.459936605977757,8.40841507407145e-05,0,0,FALSE,FALSE,FALSE,"Rejected"
"CO2 threshold","Nasal.airflow..right.nostril.",-0.000945170536969587,0.440632389477438,7.52016924850773e-05,0,0,FALSE,FALSE,FALSE,"Rejected"
"CO2 threshold","Nasal.fracture.surgery",0.0911143784858518,0.682745317161063,0.0119776969640255,0,0,FALSE,FALSE,FALSE,"Rejected"
"CO2 threshold","Nasal.mucosa.surgery",-0.536414110028044,0.061009328992685,-0.0927111668154175,0,0,TRUE,FALSE,FALSE,"Rejected"
"CO2 threshold","Nasal_breathing_therapy_Acetylcysteine",-0.230508760371669,0.545141929485486,-0.0188141022770819,0,0,FALSE,FALSE,FALSE,"Rejected"
"CO2 threshold","Nasal_breathing_therapy_Acupuncture",-0.100698235183964,0.796103804659409,-0.0249735144477663,0,0,FALSE,FALSE,FALSE,"Rejected"
"CO2 threshold","Nasal_breathing_therapy_Antiallergics",-0.225239083600829,0.453782477486831,-0.0401468386415995,0,0,FALSE,FALSE,FALSE,"Rejected"
"CO2 threshold","Nasal_breathing_therapy_Antibiotics",-0.322865201267725,0.155662522586781,-0.0366371091015203,0,0,FALSE,FALSE,FALSE,"Rejected"
"CO2 threshold","Nasal_breathing_therapy_Asthma.diagnostics",NA,NA,-0.0135457802346181,0,0,FALSE,FALSE,FALSE,"Rejected"
"CO2 threshold","Nasal_breathing_therapy_Asthma.rescue.spray",-0.622202817881213,0.105336124724698,-0.0737381632628139,0,0,TRUE,FALSE,FALSE,"Rejected"
"CO2 threshold","Nasal_breathing_therapy_Corticoid.inhalation",NA,NA,-0.0351075072067972,0,0,FALSE,FALSE,FALSE,"Rejected"
"CO2 threshold","Nasal_breathing_therapy_Cortisone.spray",-0.284509290717101,0.0263370996811744,-0.0272262205867808,0,0,FALSE,FALSE,FALSE,"Rejected"
"CO2 threshold","Nasal_breathing_therapy_Doprident..medication.",NA,NA,0,0,0,FALSE,FALSE,FALSE,"Rejected"
"CO2 threshold","Nasal_breathing_therapy_Hyposensitization",0.169362755910402,0.520183693570566,0.0368700285287218,0,0,FALSE,FALSE,FALSE,"Rejected"
"CO2 threshold","Nasal_breathing_therapy_Nasal.mucosa.surgery",0.0298065495675355,0.943747831994613,-0.0128527842599604,0,0,FALSE,FALSE,FALSE,"Rejected"
"CO2 threshold","Nasal_breathing_therapy_No.therapy",-0.0154671287339131,0.825140434427682,-0.000485613263907355,0,0,FALSE,FALSE,FALSE,"Rejected"
"CO2 threshold","Nasal_breathing_therapy_Obstructive.Sleep.Apnea.Syndrome",NA,NA,0.0432284575344015,0,0,FALSE,FALSE,FALSE,"Rejected"
"CO2 threshold","Nasal_breathing_therapy_Ointment",-0.00688304625378469,0.986545268139343,-0.0275614267873299,0,0,FALSE,FALSE,FALSE,"Rejected"
"CO2 threshold","Nasal_breathing_therapy_Operation",NA,NA,0.084573956977886,0,0,TRUE,FALSE,FALSE,"Rejected"
"CO2 threshold","Nasal_breathing_therapy_Operation.planned",0.193482154613792,0.6196559989486,0.00120103999031482,0,0,FALSE,FALSE,FALSE,"Rejected"
"CO2 threshold","Nasal_breathing_therapy_Radio.wave.therapy",NA,NA,0.0260765303930911,0,0,FALSE,FALSE,FALSE,"Rejected"
"CO2 threshold","Nasal_breathing_therapy_Red.light.therapy",-0.416856256388,0.279110666324281,-0.0811315315013387,0,0,TRUE,FALSE,FALSE,"Rejected"
"CO2 threshold","Nasal_breathing_therapy_Regular.checkups",NA,NA,0,0,0,FALSE,FALSE,FALSE,"Rejected"
"CO2 threshold","Nasal_breathing_therapy_Sea.salt.inhalation",-0.0945084181093226,0.811919384061558,-0.000529710662377388,0,0,FALSE,FALSE,FALSE,"Rejected"
"CO2 threshold","Nasal_breathing_therapy_Sinus.surgery",-0.245408062750939,0.420762716159598,-0.0223827027564854,0,0,FALSE,FALSE,FALSE,"Rejected"
"CO2 threshold","Nasal_breathing_therapy_Sinusitis",-0.366211686356162,0.417105298883545,-0.0146379318619998,0,0,FALSE,FALSE,FALSE,"Rejected"
"CO2 threshold","Nasal_breathing_therapy_Tympanic.membrane.surgery",0.206172009413633,0.615502699724048,0.00182732121442804,0,0,FALSE,FALSE,FALSE,"Rejected"
"CO2 threshold","Nasal_breathing_therapy_Unspecified",-0.0174807768171997,0.945668610260028,-0.0167668249849766,0,0,FALSE,FALSE,FALSE,"Rejected"
"CO2 threshold","Nasal_breathing_therapy_Unspecified.surgery.for.nasal.breathing.problems",NA,NA,0.00388316554513196,0,0,FALSE,FALSE,FALSE,"Rejected"
"CO2 threshold","Nasal_breathing_therapy_septoplasty",-0.0982780115146241,0.610754830651949,-0.00455446970862449,0,0,FALSE,FALSE,FALSE,"Rejected"
"CO2 threshold","Nasal_breathing_therapy_turbinate.surgery",0.158203741966889,0.61407046229783,0.0473185373376786,0,0,FALSE,FALSE,FALSE,"Rejected"
"CO2 threshold","Nasal_breathing_therapy_turbinoplasty",0.0222070194869026,0.944907310621687,-0.00264612096162252,0,0,FALSE,FALSE,FALSE,"Rejected"
"CO2 threshold","Neck.carcinoma.surgery",-0.669083268002864,0.110017259629789,-0.0255856077814708,0,0,FALSE,FALSE,FALSE,"Rejected"
"CO2 threshold","Neck.surgery",-0.239147012463754,0.478835675341334,-0.0334754777585028,0,0,FALSE,FALSE,FALSE,"Rejected"
"CO2 threshold","Neck.trauma.surgery",0.0626817830587644,0.918013215112789,-0.042766784018093,0,0,FALSE,FALSE,FALSE,"Rejected"
"CO2 threshold","Neurological.disorder",0.0272292206736268,0.874872861243862,0.0196248648786795,0,0,FALSE,FALSE,FALSE,"Rejected"
"CO2 threshold","Obsessive.compulsive.disorder",NA,NA,0.0541978479526841,0,0,TRUE,FALSE,FALSE,"Rejected"
"CO2 threshold","Odor.identification..x.3.",-0.0258387063967346,0.357161856715489,-0.0025776745113334,0,0,FALSE,FALSE,FALSE,"Rejected"
"CO2 threshold","Operation",NA,NA,0.0845759407211638,0,0,TRUE,FALSE,FALSE,"Rejected"
"CO2 threshold","Oral.carcinoma.surgery",-0.165489545081928,0.740278639132239,0.0604467389967382,0,0,TRUE,FALSE,FALSE,"Rejected"
"CO2 threshold","Osteoarthritis",0.171687712698211,0.682744043703403,0.0418938062904967,0,0,FALSE,FALSE,FALSE,"Rejected"
"CO2 threshold","Osteoporosis",NA,NA,0,0,0,FALSE,FALSE,FALSE,"Rejected"
"CO2 threshold","Otoplasty",0.488437229428546,0.122942289763901,0.0523400868485058,0,0,TRUE,FALSE,FALSE,"Rejected"
"CO2 threshold","Parotidectomy",-0.0325950452150207,0.936112555981174,-0.0160595730458447,0,0,FALSE,FALSE,FALSE,"Rejected"
"CO2 threshold","Partial.kidney.resection.after.tumor",NA,NA,0,0,0,FALSE,FALSE,FALSE,"Rejected"
"CO2 threshold","Pharyngeal.abscess.surgery",0.211977263321699,0.604239701790117,0.0670929146896891,0,0,TRUE,FALSE,FALSE,"Rejected"
"CO2 threshold","Polycystic.ovary.syndrome",0.0285288788850256,0.944672478247876,0.00510660659292083,0,0,FALSE,FALSE,FALSE,"Rejected"
"CO2 threshold","Polyneuropathy",0.216655480017734,0.52486400146898,0.0414748863322077,0,0,FALSE,FALSE,FALSE,"Rejected"
"CO2 threshold","Poor.kidney.function",-0.364157462578043,0.358257669684069,-0.108479075800716,0,0,TRUE,FALSE,FALSE,"Rejected"
"CO2 threshold","Post.traumatic.stress.disorder",-0.0797104125247998,0.869809922208626,0.0158415797448321,0,0,FALSE,FALSE,FALSE,"Rejected"
"CO2 threshold","Post.viral.fatigue.syndrome",0.041032581651727,0.91409895422849,0.00887213177331747,0,0,FALSE,FALSE,FALSE,"Rejected"
"CO2 threshold","Primary.biliary.cirrhosis",NA,NA,-0.10613290353716,0,0,TRUE,FALSE,FALSE,"Rejected"
"CO2 threshold","Psoriasis",-0.16100152001664,0.746630579284523,0.0553191643426215,0,0,TRUE,FALSE,FALSE,"Rejected"
"CO2 threshold","Psoriatic.arthritis",0.511779306274797,0.0834208658156235,0.0744461021564029,0,0,TRUE,FALSE,FALSE,"Rejected"
"CO2 threshold","Radio.wave.therapy",0.154665086305029,0.679546677271164,0.0260740752461915,0,0,FALSE,FALSE,FALSE,"Rejected"
"CO2 threshold","Raynaud.s.syndrome",-0.0602004266101794,0.879754590900725,-0.013543650782316,0,0,FALSE,FALSE,FALSE,"Rejected"
"CO2 threshold","Reduced.sense.of.smell",NA,NA,1.6548619287767e-05,0,0,FALSE,FALSE,FALSE,"Rejected"
"CO2 threshold","Rheumatism",-0.308707326412162,0.173733291251475,-0.0331327600012412,0,0,FALSE,FALSE,FALSE,"Rejected"
"CO2 threshold","Rheumatoid.arthritis",-0.356535745861742,0.377165113586616,-0.0623435655110109,0,0,TRUE,FALSE,FALSE,"Rejected"
"CO2 threshold","Sarcoidosis",-0.0514979196744307,0.837905875438961,-0.0119748124300116,0,0,FALSE,FALSE,FALSE,"Rejected"
"CO2 threshold","Scheuermann.s.disease",NA,NA,0,0,0,FALSE,FALSE,FALSE,"Rejected"
"CO2 threshold","Sensitivity.of.the.nose.to.stinging.burning.stimuli",-0.0109524069166942,0.571631699946093,-0.0023132852099907,0,0,FALSE,FALSE,FALSE,"Rejected"
"CO2 threshold","Shingles",NA,NA,0,0,0,FALSE,FALSE,FALSE,"Rejected"
"CO2 threshold","Sinus.surgery",0.0431731783789951,0.535220068548837,0.0064922332340039,0,0,FALSE,FALSE,FALSE,"Rejected"
"CO2 threshold","Sinusitis",NA,NA,0.0944713173290212,0,0,TRUE,FALSE,FALSE,"Rejected"
"CO2 threshold","Sleep.apnea",0.226561931533028,0.564932531426713,0.0286743843312286,0,0,FALSE,FALSE,FALSE,"Rejected"
"CO2 threshold","Smell.ability.before.COVID.19",NA,NA,1.12847877565831e-05,0,0,FALSE,FALSE,FALSE,"Rejected"
"CO2 threshold","Smell.ability.immediately.after.COVID.19",-0.00150271235336208,0.0960124427418926,-1.25990055931361e-05,0,0,FALSE,FALSE,FALSE,"Rejected"
"CO2 threshold","Smell.reduction.1",-0.0911456497904393,0.195347591325214,-0.00474848501244656,0,0,FALSE,FALSE,FALSE,"Rejected"
"CO2 threshold","Smell.reduction.2",-0.0590022191212091,0.440856510564167,-0.00261429803469743,0,0,FALSE,FALSE,FALSE,"Rejected"
"CO2 threshold","Smell.reduction.3",0.0454645589475527,0.76400126773549,0.000989889985986928,0,0,FALSE,FALSE,FALSE,"Rejected"
"CO2 threshold","Soft.tissue.rheumatism",-0.00534268450294919,0.988796209337613,-0.00965850043447816,0,0,FALSE,FALSE,FALSE,"Rejected"
"CO2 threshold","Spinal.canal.stenosis",NA,NA,0,0,0,FALSE,FALSE,FALSE,"Rejected"
"CO2 threshold","Systemic.lupus.erythematosus",-0.129050197819407,0.735133602320729,-0.0102435698774494,0,0,FALSE,FALSE,FALSE,"Rejected"
"CO2 threshold","Thrombocytosis",0.272704382139177,0.488232594487068,0.0281895882320993,0,0,FALSE,FALSE,FALSE,"Rejected"
"CO2 threshold","Thyroid.carcinoma.surgery",0.480825777852887,0.213342119506833,0.0742888024824565,0,0,TRUE,FALSE,FALSE,"Rejected"
"CO2 threshold","Thyroid.problems",0.480399858993892,0.209431676150573,0.0724192789760958,0,0,TRUE,FALSE,FALSE,"Rejected"
"CO2 threshold","Thyroid.surgery",-0.438334938136734,0.285685686140764,-0.0593990781442231,0,0,TRUE,FALSE,FALSE,"Rejected"
"CO2 threshold","Tinnitus",NA,NA,0.00510874606730632,0,0,FALSE,FALSE,FALSE,"Rejected"
"CO2 threshold","Tonsillectomy",0.0426166621770493,0.728219052845355,0.00197835376053518,0,0,FALSE,FALSE,FALSE,"Rejected"
"CO2 threshold","Tonsillotomy",0.163555057475666,0.013518106202271,0.0204924064014885,0,0,FALSE,FALSE,FALSE,"Rejected"
"CO2 threshold","Tympanic.membrane.surgery",-0.142824125512015,0.398724026116835,-0.0212150585868932,0,0,FALSE,FALSE,FALSE,"Rejected"
"CO2 threshold","Tympanostomy.tube.insertion",0.260540648474831,0.235080704813456,0.0752795944319956,0.0120642207330774,0.011392680060539,TRUE,TRUE,TRUE,"Tentative"
"CO2 threshold","Unpecified_ENT_surgery",-0.214660138571359,0.427075380072531,-0.0345835075103394,0,0,FALSE,FALSE,FALSE,"Rejected"
"CO2 threshold","Unpecified_chronic_disease",-0.374956282827105,0.375470353547381,-0.00514954789493844,0,0,FALSE,FALSE,FALSE,"Rejected"
"CO2 threshold","Unspecified.surgery.for.nasal.breathing.problems",0.082282980521294,0.530528043603177,0.00388400706363585,0,0,FALSE,FALSE,FALSE,"Rejected"
"CO2 threshold","Upper.respiratory.infection",-0.0906553339740211,0.253995391016351,-0.0186370679980177,0,0,FALSE,FALSE,FALSE,"Rejected"
"CO2 threshold","Vocal.cord.surgery",0.27159407026886,0.339201784258689,0.0574594763574766,0,0,TRUE,FALSE,FALSE,"Rejected"
"CO2 threshold","Weight",-0.00042086443096351,0.70708546451144,-0.000362806130579846,-0.000366745424822959,-0.000349594860613952,FALSE,TRUE,TRUE,"Confirmed"
"CO2 threshold","covid_temporal_category",-0.0129521659690052,0.259134265703604,-0.00181427488565331,0,0,FALSE,FALSE,FALSE,"Rejected"
"CO2 threshold","facial_pain_burning",0.189163182045632,0.351295346043917,0.0165075578183292,0,0,FALSE,FALSE,FALSE,"Rejected"
"CO2 threshold","facial_pain_freq_code",0.0134608027668025,0.773140954314527,0.00219759342224591,0,0,FALSE,FALSE,FALSE,"Rejected"
"CO2 threshold","facial_pain_pressing",0.236850851581853,0.151146801064137,0.015988491422834,0,0,FALSE,FALSE,FALSE,"Rejected"
"CO2 threshold","facial_pain_pulling",0.00839070668368242,0.960811133340121,-0.0187996392937647,0,0,FALSE,FALSE,FALSE,"Rejected"
"CO2 threshold","facial_pain_stabbing",0.0410294272261845,0.815899708724803,0.00562504507607424,0,0,FALSE,FALSE,FALSE,"Rejected"
"CO2 threshold","has.ENT.surgery",NA,NA,0.00887296413864621,0,0,FALSE,FALSE,FALSE,"Rejected"
"CO2 threshold","has.chronic.disease",-0.0142615103193412,0.846746696060469,-0.00367147329753547,0,0,FALSE,FALSE,FALSE,"Rejected"
"CO2 threshold","mean_cigs",-0.00232186360760931,0.602774768622425,0.000336718189277344,0,0,FALSE,FALSE,FALSE,"Confirmed"
"CO2 threshold","nasal_breathing_problem",NA,NA,-0.00769828499027366,0,0,FALSE,FALSE,FALSE,"Rejected"
"CO2 threshold","nasal_breathing_problem_ongoing",-0.0555812381641296,0.815823493696894,-0.0174264581340715,0,0,FALSE,FALSE,FALSE,"Rejected"
"CO2 threshold","pack_years",0.00758326534586902,0.0306561213712986,0.000408008938084541,0,0,FALSE,FALSE,FALSE,"Confirmed"
"CO2 threshold","pharyngeal.carcinoma.surgery",0.531385287955991,0.370801083694207,0.0466174331837538,0,0,FALSE,FALSE,FALSE,"Rejected"
"CO2 threshold","reduced_smell_and_taste_ability_what_Riechen",-0.189796227253544,0.0376258872172314,-0.010019096743504,0,0,FALSE,FALSE,FALSE,"Rejected"
"CO2 threshold","reduced_smell_and_taste_ability_what_Riechen..Schmecken",-0.0740956276297763,0.806323628142488,0.0223732688951552,0,0,FALSE,FALSE,FALSE,"Rejected"
"CO2 threshold","reduced_smell_and_taste_ability_what_Riechen..feiner.Geschmack",-0.26290439822457,0.0319099593712493,-0.0159467870045341,0,0,FALSE,FALSE,FALSE,"Rejected"
"CO2 threshold","reduced_smell_and_taste_ability_what_Riechen..feiner.Geschmack..Schmecken",-0.0577546317217172,0.852670198478411,0.00574044631001576,0,0,FALSE,FALSE,FALSE,"Rejected"
"CO2 threshold","reduced_smell_and_taste_ability_what_Schmecken",0.235164452482563,0.184399662834545,0.0440822667412457,0,0,FALSE,FALSE,FALSE,"Rejected"
"CO2 threshold","reduced_smell_and_taste_ability_what_Unknwon",NA,NA,0.0331528341990369,0,0,FALSE,FALSE,FALSE,"Rejected"
"CO2 threshold","reduced_smell_and_taste_ability_what_feiner.Geschmack",-0.155311249890974,0.0865264720760811,-0.0077899379688585,0,0,FALSE,FALSE,FALSE,"Rejected"
"CO2 threshold","reduced_smell_and_taste_ability_what_feiner.Geschmack..Schmecken",-0.235505979412478,0.5483429393878,-9.65625925631163e-05,0,0,FALSE,FALSE,FALSE,"Rejected"
"CO2 threshold","reduced_smell_and_taste_ability_what_n",NA,NA,0.00825115982472646,0,0,FALSE,FALSE,FALSE,"Confirmed"
"CO2 threshold","septoplasty",-0.0931693724590229,0.347746764603293,-0.00258199667854888,0,0,FALSE,FALSE,FALSE,"Rejected"
"CO2 threshold","smoker_type_current",NA,NA,0.00333602988599981,0,0,FALSE,FALSE,FALSE,"Rejected"
"CO2 threshold","smoker_type_former",NA,NA,0.000148400532660996,0,0,FALSE,FALSE,FALSE,"Rejected"
"CO2 threshold","smoking_temporal_category",NA,NA,0.0011815628100582,0,0,FALSE,FALSE,FALSE,"Rejected"
"CO2 threshold","turbinate.surgery",-0.086903377260088,0.660177548991521,-0.00606250508525007,0,0,FALSE,FALSE,FALSE,"Rejected"
